id_league,id_sport,name,country
1,1,Championship 1,Argentina
2,2,Copa Nacional 2,Brasil
3,5,Liga Profesional 3,Francia
4,4,Serie A 4,Argentina
5,5,Championship 5,EE.UU.
6,2,Liga Premier 6,España
7,5,Torneo de Verano 7,Brasil
8,4,Torneo de Verano 8,Brasil
9,4,Copa Nacional 9,Brasil
10,4,Liga Premier 10,Brasil
11,2,Serie A 11,EE.UU.
12,3,Liga Premier 12,Argentina
13,2,Serie A 13,EE.UU.
14,4,Liga Profesional 14,EE.UU.
15,2,Superliga 15,Brasil
16,1,Copa Nacional 16,Inglaterra
17,3,Liga Profesional 17,Brasil
18,3,Copa Nacional 18,Francia
19,5,Championship 19,Alemania
20,3,Championship 20,EE.UU.
