id_market,id_event,id_market_type,market_parameter,status
1,1,1,,Open
2,1,5,,Open
3,2,2,,Open
4,2,1,,Open
5,2,5,,Open
6,2,4,1.5,Open
7,3,1,,Open
8,3,4,1.5,Open
9,4,2,,Settled
10,4,4,1.5,Settled
11,5,4,2.5,Open
12,5,3,1.5,Open
13,5,1,,Open
14,6,5,,Settled
15,6,3,2.5,Settled
16,6,1,,Settled
17,7,1,,Settled
18,7,5,,Settled
19,7,4,2.5,Settled
20,8,1,,Open
21,8,5,,Open
22,8,4,3.5,Open
23,9,5,,Settled
24,9,3,2.5,Settled
25,9,4,2.5,Settled
26,9,1,,Settled
27,10,4,2.5,Settled
28,10,3,1.5,Settled
29,10,2,,Settled
30,10,5,,Settled
31,11,2,,Settled
32,11,3,3.5,Settled
33,12,2,,Settled
34,12,4,3.5,Settled
35,13,3,1.5,Open
36,13,5,,Open
37,14,4,3.5,Settled
38,14,1,,Settled
39,15,2,,Open
40,15,4,2.5,Open
41,15,3,3.5,Open
42,16,2,,Open
43,16,4,3.5,Open
44,16,3,2.5,Open
45,16,5,,Open
46,17,3,2.5,Settled
47,17,2,,Settled
48,17,5,,Settled
49,17,4,1.5,Settled
50,18,1,,Settled
51,18,4,1.5,Settled
52,19,1,,Open
53,19,3,3.5,Open
54,19,2,,Open
55,20,5,,Settled
56,20,4,1.5,Settled
57,21,1,,Open
58,21,2,,Open
59,21,4,1.5,Open
60,21,3,2.5,Open
61,22,2,,Settled
62,22,3,2.5,Settled
63,23,3,2.5,Settled
64,23,4,1.5,Settled
65,24,5,,Settled
66,24,4,2.5,Settled
67,24,3,2.5,Settled
68,25,1,,Settled
69,25,5,,Settled
70,25,2,,Settled
71,26,5,,Settled
72,26,1,,Settled
73,26,4,1.5,Settled
74,26,2,,Settled
75,27,4,3.5,Settled
76,27,5,,Settled
77,27,3,2.5,Settled
78,28,5,,Open
79,28,2,,Open
80,28,1,,Open
81,29,1,,Settled
82,29,4,3.5,Settled
83,29,3,1.5,Settled
84,30,3,1.5,Settled
85,30,1,,Settled
86,30,5,,Settled
87,30,4,3.5,Settled
88,31,3,3.5,Settled
89,31,1,,Settled
90,31,4,1.5,Settled
91,32,1,,Open
92,32,5,,Open
93,33,3,3.5,Settled
94,33,4,3.5,Settled
95,33,1,,Settled
96,34,4,1.5,Open
97,34,5,,Open
98,35,4,2.5,Settled
99,35,1,,Settled
100,35,2,,Settled
101,36,2,,Settled
102,36,5,,Settled
103,36,3,1.5,Settled
104,36,1,,Settled
105,37,5,,Open
106,37,1,,Open
107,38,3,2.5,Settled
108,38,5,,Settled
109,39,3,3.5,Settled
110,39,4,2.5,Settled
111,40,1,,Settled
112,40,5,,Settled
113,40,3,1.5,Settled
114,40,2,,Settled
115,41,4,3.5,Settled
116,41,2,,Settled
117,41,1,,Settled
118,42,2,,Settled
119,42,4,3.5,Settled
120,43,4,3.5,Open
121,43,5,,Open
122,43,3,1.5,Open
123,44,5,,Open
124,44,2,,Open
125,44,1,,Open
126,44,3,3.5,Open
127,45,1,,Settled
128,45,5,,Settled
129,45,2,,Settled
130,46,4,1.5,Settled
131,46,1,,Settled
132,46,2,,Settled
133,46,5,,Settled
134,47,3,2.5,Open
135,47,1,,Open
136,48,3,2.5,Open
137,48,1,,Open
138,49,3,1.5,Settled
139,49,2,,Settled
140,49,5,,Settled
141,50,1,,Open
142,50,4,2.5,Open
143,51,4,2.5,Settled
144,51,1,,Settled
145,52,4,3.5,Open
146,52,1,,Open
147,52,5,,Open
148,52,3,1.5,Open
149,53,3,2.5,Settled
150,53,5,,Settled
151,54,5,,Open
152,54,2,,Open
153,54,3,2.5,Open
154,55,4,3.5,Settled
155,55,3,3.5,Settled
156,55,1,,Settled
157,55,2,,Settled
158,56,2,,Open
159,56,5,,Open
160,57,1,,Settled
161,57,3,1.5,Settled
162,57,4,1.5,Settled
163,57,5,,Settled
164,58,2,,Settled
165,58,3,1.5,Settled
166,59,4,2.5,Settled
167,59,3,1.5,Settled
168,59,2,,Settled
169,59,1,,Settled
170,60,3,1.5,Settled
171,60,1,,Settled
172,60,4,1.5,Settled
173,61,3,2.5,Settled
174,61,4,2.5,Settled
175,61,5,,Settled
176,62,3,3.5,Settled
177,62,1,,Settled
178,62,2,,Settled
179,62,5,,Settled
180,63,5,,Settled
181,63,4,2.5,Settled
182,63,1,,Settled
183,63,3,3.5,Settled
184,64,4,1.5,Settled
185,64,5,,Settled
186,65,2,,Open
187,65,1,,Open
188,65,4,1.5,Open
189,66,1,,Settled
190,66,5,,Settled
191,66,4,3.5,Settled
192,67,1,,Settled
193,67,5,,Settled
194,68,5,,Settled
195,68,2,,Settled
196,68,3,3.5,Settled
197,68,1,,Settled
198,69,3,1.5,Settled
199,69,1,,Settled
200,69,5,,Settled
201,69,2,,Settled
202,70,2,,Open
203,70,4,2.5,Open
204,71,4,1.5,Open
205,71,2,,Open
206,72,4,2.5,Settled
207,72,3,3.5,Settled
208,72,5,,Settled
209,73,1,,Open
210,73,2,,Open
211,74,5,,Open
212,74,2,,Open
213,75,2,,Settled
214,75,1,,Settled
215,75,5,,Settled
216,75,4,3.5,Settled
217,76,4,1.5,Settled
218,76,1,,Settled
219,76,2,,Settled
220,76,3,2.5,Settled
221,77,3,1.5,Open
222,77,1,,Open
223,77,2,,Open
224,78,1,,Settled
225,78,4,3.5,Settled
226,78,3,1.5,Settled
227,78,5,,Settled
228,79,3,3.5,Settled
229,79,1,,Settled
230,79,2,,Settled
231,80,4,1.5,Open
232,80,3,2.5,Open
233,80,2,,Open
234,81,4,3.5,Settled
235,81,5,,Settled
236,82,4,1.5,Settled
237,82,2,,Settled
238,83,5,,Settled
239,83,4,2.5,Settled
240,83,1,,Settled
241,84,4,3.5,Settled
242,84,2,,Settled
243,84,3,1.5,Settled
244,85,5,,Settled
245,85,3,3.5,Settled
246,85,4,1.5,Settled
247,85,1,,Settled
248,86,2,,Open
249,86,3,2.5,Open
250,87,3,1.5,Open
251,87,2,,Open
252,88,5,,Open
253,88,3,2.5,Open
254,88,4,2.5,Open
255,89,4,1.5,Open
256,89,1,,Open
257,89,2,,Open
258,90,4,2.5,Settled
259,90,1,,Settled
260,90,3,2.5,Settled
261,91,4,2.5,Open
262,91,5,,Open
263,91,2,,Open
264,92,4,2.5,Settled
265,92,2,,Settled
266,92,5,,Settled
267,92,3,2.5,Settled
268,93,4,3.5,Open
269,93,2,,Open
270,94,5,,Settled
271,94,2,,Settled
272,94,1,,Settled
273,95,1,,Open
274,95,3,2.5,Open
275,95,4,1.5,Open
276,95,2,,Open
277,96,4,1.5,Open
278,96,1,,Open
279,97,4,2.5,Settled
280,97,5,,Settled
281,97,2,,Settled
282,98,1,,Open
283,98,2,,Open
284,98,5,,Open
285,98,3,2.5,Open
286,99,1,,Open
287,99,5,,Open
288,99,3,1.5,Open
289,99,4,1.5,Open
290,100,1,,Open
291,100,2,,Open
292,100,4,2.5,Open
293,100,3,2.5,Open
294,101,2,,Settled
295,101,3,1.5,Settled
296,102,2,,Open
297,102,5,,Open
298,102,4,1.5,Open
299,102,1,,Open
300,103,3,1.5,Open
301,103,1,,Open
302,103,2,,Open
303,103,4,3.5,Open
304,104,1,,Settled
305,104,5,,Settled
306,105,1,,Settled
307,105,4,2.5,Settled
308,105,3,1.5,Settled
309,106,4,2.5,Open
310,106,5,,Open
311,106,3,3.5,Open
312,106,2,,Open
313,107,3,2.5,Settled
314,107,1,,Settled
315,107,4,1.5,Settled
316,107,5,,Settled
317,108,1,,Settled
318,108,4,1.5,Settled
319,108,3,3.5,Settled
320,108,5,,Settled
321,109,1,,Settled
322,109,5,,Settled
323,110,5,,Settled
324,110,2,,Settled
325,110,4,1.5,Settled
326,110,1,,Settled
327,111,2,,Settled
328,111,4,2.5,Settled
329,112,3,3.5,Settled
330,112,1,,Settled
331,112,5,,Settled
332,113,5,,Settled
333,113,1,,Settled
334,113,4,2.5,Settled
335,113,2,,Settled
336,114,2,,Open
337,114,5,,Open
338,115,3,1.5,Settled
339,115,4,1.5,Settled
340,115,2,,Settled
341,115,1,,Settled
342,116,3,2.5,Settled
343,116,2,,Settled
344,116,1,,Settled
345,117,5,,Settled
346,117,3,3.5,Settled
347,117,1,,Settled
348,118,3,1.5,Settled
349,118,2,,Settled
350,118,5,,Settled
351,119,2,,Open
352,119,3,2.5,Open
353,120,3,2.5,Open
354,120,1,,Open
355,121,5,,Settled
356,121,1,,Settled
357,122,4,3.5,Open
358,122,5,,Open
359,122,2,,Open
360,122,3,1.5,Open
361,123,5,,Settled
362,123,2,,Settled
363,123,4,3.5,Settled
364,124,2,,Settled
365,124,4,2.5,Settled
366,124,3,2.5,Settled
367,125,4,1.5,Settled
368,125,1,,Settled
369,125,5,,Settled
370,126,3,1.5,Settled
371,126,2,,Settled
372,126,5,,Settled
373,127,1,,Open
374,127,5,,Open
375,127,3,2.5,Open
376,127,4,1.5,Open
377,128,4,3.5,Settled
378,128,5,,Settled
379,128,3,3.5,Settled
380,129,4,2.5,Settled
381,129,5,,Settled
382,130,3,1.5,Open
383,130,1,,Open
384,130,5,,Open
385,131,2,,Settled
386,131,1,,Settled
387,132,1,,Settled
388,132,2,,Settled
389,132,5,,Settled
390,133,5,,Open
391,133,3,2.5,Open
392,133,2,,Open
393,133,4,2.5,Open
394,134,2,,Open
395,134,4,1.5,Open
396,134,3,3.5,Open
397,135,5,,Settled
398,135,1,,Settled
399,135,3,2.5,Settled
400,136,1,,Settled
401,136,2,,Settled
402,136,4,2.5,Settled
403,137,4,1.5,Open
404,137,1,,Open
405,137,3,2.5,Open
406,138,2,,Settled
407,138,1,,Settled
408,139,2,,Open
409,139,5,,Open
410,139,4,2.5,Open
411,140,2,,Settled
412,140,3,1.5,Settled
413,141,4,3.5,Settled
414,141,1,,Settled
415,141,5,,Settled
416,142,1,,Settled
417,142,5,,Settled
418,142,3,1.5,Settled
419,143,5,,Settled
420,143,4,3.5,Settled
421,143,3,2.5,Settled
422,143,2,,Settled
423,144,3,2.5,Settled
424,144,1,,Settled
425,144,5,,Settled
426,145,1,,Open
427,145,4,3.5,Open
428,145,3,2.5,Open
429,146,1,,Settled
430,146,3,2.5,Settled
431,146,2,,Settled
432,146,4,2.5,Settled
433,147,4,3.5,Open
434,147,2,,Open
435,147,3,3.5,Open
436,147,1,,Open
437,148,5,,Open
438,148,2,,Open
439,149,1,,Settled
440,149,3,2.5,Settled
441,150,1,,Settled
442,150,2,,Settled
443,150,3,1.5,Settled
444,150,5,,Settled
445,151,1,,Settled
446,151,3,1.5,Settled
447,151,2,,Settled
448,152,4,2.5,Open
449,152,1,,Open
450,152,2,,Open
451,153,2,,Open
452,153,5,,Open
453,154,4,1.5,Open
454,154,2,,Open
455,154,5,,Open
456,154,1,,Open
457,155,1,,Settled
458,155,4,1.5,Settled
459,156,5,,Open
460,156,3,1.5,Open
461,156,4,1.5,Open
462,156,1,,Open
463,157,4,2.5,Open
464,157,5,,Open
465,157,1,,Open
466,158,3,1.5,Settled
467,158,2,,Settled
468,158,4,3.5,Settled
469,159,5,,Settled
470,159,4,2.5,Settled
471,159,1,,Settled
472,160,1,,Open
473,160,4,1.5,Open
474,160,3,1.5,Open
475,160,2,,Open
476,161,2,,Open
477,161,5,,Open
478,161,1,,Open
479,161,4,3.5,Open
480,162,4,1.5,Settled
481,162,2,,Settled
482,162,1,,Settled
483,162,5,,Settled
484,163,3,2.5,Open
485,163,4,3.5,Open
486,163,2,,Open
487,164,4,3.5,Settled
488,164,3,3.5,Settled
489,165,4,3.5,Settled
490,165,1,,Settled
491,165,3,2.5,Settled
492,166,3,1.5,Open
493,166,1,,Open
494,167,1,,Settled
495,167,5,,Settled
496,168,3,1.5,Settled
497,168,2,,Settled
498,168,1,,Settled
499,168,5,,Settled
500,169,5,,Settled
501,169,1,,Settled
502,169,4,3.5,Settled
503,169,3,2.5,Settled
504,170,2,,Settled
505,170,1,,Settled
506,170,3,3.5,Settled
507,170,5,,Settled
508,171,5,,Settled
509,171,3,2.5,Settled
510,171,2,,Settled
511,172,3,2.5,Open
512,172,4,3.5,Open
513,172,5,,Open
514,172,2,,Open
515,173,3,2.5,Settled
516,173,5,,Settled
517,173,4,3.5,Settled
518,173,2,,Settled
519,174,1,,Settled
520,174,5,,Settled
521,175,3,3.5,Settled
522,175,2,,Settled
523,176,3,3.5,Settled
524,176,4,3.5,Settled
525,177,1,,Settled
526,177,4,2.5,Settled
527,177,5,,Settled
528,178,1,,Open
529,178,5,,Open
530,178,3,1.5,Open
531,179,4,2.5,Open
532,179,2,,Open
533,180,3,2.5,Settled
534,180,2,,Settled
535,180,4,3.5,Settled
536,181,4,2.5,Settled
537,181,2,,Settled
538,181,1,,Settled
539,181,3,3.5,Settled
540,182,3,2.5,Open
541,182,1,,Open
542,182,2,,Open
543,183,5,,Open
544,183,4,1.5,Open
545,183,2,,Open
546,183,3,3.5,Open
547,184,5,,Settled
548,184,2,,Settled
549,185,3,1.5,Settled
550,185,4,1.5,Settled
551,185,5,,Settled
552,186,4,1.5,Open
553,186,3,3.5,Open
554,187,1,,Open
555,187,5,,Open
556,187,3,1.5,Open
557,187,4,3.5,Open
558,188,4,2.5,Settled
559,188,1,,Settled
560,189,3,1.5,Open
561,189,1,,Open
562,190,4,3.5,Settled
563,190,3,2.5,Settled
564,191,3,1.5,Settled
565,191,1,,Settled
566,192,1,,Settled
567,192,5,,Settled
568,193,3,3.5,Open
569,193,5,,Open
570,193,4,3.5,Open
571,193,2,,Open
572,194,3,2.5,Settled
573,194,1,,Settled
574,194,2,,Settled
575,195,5,,Open
576,195,4,2.5,Open
577,195,2,,Open
578,195,3,2.5,Open
579,196,3,1.5,Open
580,196,2,,Open
581,197,2,,Open
582,197,1,,Open
583,197,4,3.5,Open
584,197,3,1.5,Open
585,198,4,3.5,Settled
586,198,1,,Settled
587,199,3,3.5,Open
588,199,1,,Open
589,199,2,,Open
590,199,5,,Open
591,200,4,1.5,Settled
592,200,5,,Settled
593,201,4,1.5,Open
594,201,3,1.5,Open
595,202,1,,Settled
596,202,2,,Settled
597,203,3,1.5,Settled
598,203,2,,Settled
599,203,5,,Settled
600,203,4,1.5,Settled
601,204,4,3.5,Open
602,204,3,3.5,Open
603,204,1,,Open
604,204,2,,Open
605,205,4,2.5,Open
606,205,5,,Open
607,205,3,2.5,Open
608,205,1,,Open
609,206,3,3.5,Open
610,206,4,1.5,Open
611,206,2,,Open
612,207,2,,Settled
613,207,5,,Settled
614,207,4,2.5,Settled
615,207,1,,Settled
616,208,5,,Settled
617,208,3,3.5,Settled
618,208,2,,Settled
619,209,4,3.5,Open
620,209,2,,Open
621,210,1,,Open
622,210,4,3.5,Open
623,210,3,1.5,Open
624,211,5,,Settled
625,211,1,,Settled
626,211,3,1.5,Settled
627,212,1,,Open
628,212,4,2.5,Open
629,213,5,,Open
630,213,4,3.5,Open
631,214,3,2.5,Open
632,214,5,,Open
633,214,2,,Open
634,215,5,,Settled
635,215,3,1.5,Settled
636,215,4,2.5,Settled
637,215,2,,Settled
638,216,2,,Open
639,216,5,,Open
640,217,1,,Open
641,217,5,,Open
642,217,4,3.5,Open
643,218,3,1.5,Settled
644,218,4,3.5,Settled
645,218,5,,Settled
646,219,5,,Settled
647,219,3,3.5,Settled
648,219,4,3.5,Settled
649,219,2,,Settled
650,220,1,,Open
651,220,2,,Open
652,221,4,1.5,Settled
653,221,5,,Settled
654,221,1,,Settled
655,221,2,,Settled
656,222,4,2.5,Open
657,222,2,,Open
658,223,5,,Settled
659,223,4,1.5,Settled
660,223,1,,Settled
661,223,2,,Settled
662,224,3,2.5,Open
663,224,2,,Open
664,224,4,1.5,Open
665,225,4,1.5,Settled
666,225,3,3.5,Settled
667,225,1,,Settled
668,226,5,,Settled
669,226,3,1.5,Settled
670,227,5,,Settled
671,227,1,,Settled
672,228,4,1.5,Open
673,228,3,3.5,Open
674,229,5,,Open
675,229,3,2.5,Open
676,230,2,,Open
677,230,5,,Open
678,231,2,,Settled
679,231,1,,Settled
680,232,2,,Settled
681,232,5,,Settled
682,232,4,3.5,Settled
683,232,3,2.5,Settled
684,233,5,,Settled
685,233,3,3.5,Settled
686,233,4,2.5,Settled
687,234,1,,Open
688,234,2,,Open
689,235,5,,Settled
690,235,1,,Settled
691,235,3,3.5,Settled
692,235,4,1.5,Settled
693,236,2,,Open
694,236,3,2.5,Open
695,236,5,,Open
696,237,2,,Settled
697,237,4,2.5,Settled
698,237,5,,Settled
699,237,1,,Settled
700,238,1,,Settled
701,238,3,3.5,Settled
702,238,4,1.5,Settled
703,238,5,,Settled
704,239,4,2.5,Settled
705,239,3,2.5,Settled
706,239,2,,Settled
707,240,1,,Settled
708,240,3,1.5,Settled
709,241,2,,Open
710,241,3,2.5,Open
711,241,1,,Open
712,242,5,,Open
713,242,1,,Open
714,242,2,,Open
715,243,1,,Settled
716,243,3,1.5,Settled
717,243,2,,Settled
718,244,4,2.5,Settled
719,244,3,3.5,Settled
720,245,2,,Open
721,245,3,3.5,Open
722,246,1,,Open
723,246,3,2.5,Open
724,247,4,3.5,Open
725,247,2,,Open
726,247,5,,Open
727,248,2,,Settled
728,248,5,,Settled
729,249,3,3.5,Settled
730,249,4,3.5,Settled
731,249,2,,Settled
732,249,1,,Settled
733,250,4,2.5,Open
734,250,5,,Open
735,251,2,,Settled
736,251,4,1.5,Settled
737,251,1,,Settled
738,252,3,3.5,Open
739,252,1,,Open
740,253,2,,Settled
741,253,3,2.5,Settled
742,254,4,1.5,Settled
743,254,5,,Settled
744,254,2,,Settled
745,254,1,,Settled
746,255,1,,Settled
747,255,3,3.5,Settled
748,255,2,,Settled
749,255,5,,Settled
750,256,4,3.5,Settled
751,256,3,3.5,Settled
752,257,5,,Open
753,257,4,3.5,Open
754,257,1,,Open
755,258,5,,Open
756,258,2,,Open
757,259,1,,Settled
758,259,5,,Settled
759,259,2,,Settled
760,260,4,1.5,Settled
761,260,3,2.5,Settled
762,260,2,,Settled
763,261,1,,Settled
764,261,3,3.5,Settled
765,262,4,1.5,Settled
766,262,3,3.5,Settled
767,262,2,,Settled
768,262,5,,Settled
769,263,3,3.5,Settled
770,263,5,,Settled
771,263,1,,Settled
772,263,4,2.5,Settled
773,264,2,,Open
774,264,4,1.5,Open
775,265,5,,Settled
776,265,3,2.5,Settled
777,265,1,,Settled
778,266,2,,Open
779,266,5,,Open
780,266,1,,Open
781,267,1,,Open
782,267,5,,Open
783,267,3,2.5,Open
784,267,2,,Open
785,268,5,,Settled
786,268,3,2.5,Settled
787,268,2,,Settled
788,269,2,,Open
789,269,4,2.5,Open
790,269,3,2.5,Open
791,270,4,1.5,Open
792,270,1,,Open
793,271,2,,Open
794,271,5,,Open
795,271,4,3.5,Open
796,272,1,,Settled
797,272,4,2.5,Settled
798,272,5,,Settled
799,272,2,,Settled
800,273,3,3.5,Settled
801,273,2,,Settled
802,273,1,,Settled
803,274,3,3.5,Settled
804,274,5,,Settled
805,275,5,,Open
806,275,1,,Open
807,275,3,2.5,Open
808,275,4,2.5,Open
809,276,1,,Settled
810,276,3,3.5,Settled
811,277,1,,Open
812,277,4,2.5,Open
813,278,2,,Settled
814,278,1,,Settled
815,278,4,3.5,Settled
816,279,1,,Settled
817,279,4,3.5,Settled
818,279,2,,Settled
819,279,5,,Settled
820,280,3,2.5,Settled
821,280,2,,Settled
822,280,4,2.5,Settled
823,281,4,3.5,Settled
824,281,1,,Settled
825,281,3,1.5,Settled
826,282,2,,Open
827,282,5,,Open
828,282,4,3.5,Open
829,282,3,3.5,Open
830,283,4,3.5,Open
831,283,3,1.5,Open
832,284,2,,Settled
833,284,5,,Settled
834,284,1,,Settled
835,284,4,1.5,Settled
836,285,4,3.5,Open
837,285,2,,Open
838,285,3,3.5,Open
839,286,3,3.5,Open
840,286,2,,Open
841,286,1,,Open
842,286,4,2.5,Open
843,287,1,,Open
844,287,5,,Open
845,287,2,,Open
846,288,5,,Settled
847,288,1,,Settled
848,288,2,,Settled
849,289,5,,Settled
850,289,4,3.5,Settled
851,289,2,,Settled
852,290,4,1.5,Open
853,290,3,1.5,Open
854,290,2,,Open
855,290,5,,Open
856,291,4,1.5,Open
857,291,3,1.5,Open
858,292,4,3.5,Settled
859,292,3,1.5,Settled
860,292,5,,Settled
861,292,1,,Settled
862,293,4,3.5,Settled
863,293,2,,Settled
864,294,3,2.5,Settled
865,294,5,,Settled
866,294,2,,Settled
867,294,4,3.5,Settled
868,295,3,2.5,Settled
869,295,2,,Settled
870,295,1,,Settled
871,296,1,,Settled
872,296,4,3.5,Settled
873,296,5,,Settled
874,297,3,2.5,Settled
875,297,5,,Settled
876,297,2,,Settled
877,298,1,,Settled
878,298,4,2.5,Settled
879,298,3,3.5,Settled
880,298,5,,Settled
881,299,2,,Settled
882,299,5,,Settled
883,299,1,,Settled
884,300,5,,Settled
885,300,3,3.5,Settled
886,300,1,,Settled
887,300,4,2.5,Settled
888,301,5,,Settled
889,301,1,,Settled
890,302,5,,Settled
891,302,3,2.5,Settled
892,302,1,,Settled
893,302,2,,Settled
894,303,4,1.5,Open
895,303,5,,Open
896,304,4,1.5,Settled
897,304,1,,Settled
898,304,2,,Settled
899,305,2,,Settled
900,305,3,2.5,Settled
901,305,1,,Settled
902,306,2,,Settled
903,306,5,,Settled
904,306,3,1.5,Settled
905,307,3,2.5,Open
906,307,4,3.5,Open
907,307,1,,Open
908,307,2,,Open
909,308,5,,Open
910,308,3,3.5,Open
911,309,1,,Settled
912,309,3,2.5,Settled
913,310,4,2.5,Settled
914,310,5,,Settled
915,310,3,2.5,Settled
916,311,3,2.5,Settled
917,311,4,3.5,Settled
918,311,5,,Settled
919,312,5,,Open
920,312,2,,Open
921,312,1,,Open
922,313,4,3.5,Settled
923,313,3,1.5,Settled
924,313,1,,Settled
925,313,2,,Settled
926,314,5,,Settled
927,314,2,,Settled
928,315,4,3.5,Open
929,315,5,,Open
930,316,1,,Open
931,316,3,2.5,Open
932,316,5,,Open
933,316,4,1.5,Open
934,317,1,,Settled
935,317,4,1.5,Settled
936,317,3,1.5,Settled
937,318,3,1.5,Open
938,318,4,3.5,Open
939,319,2,,Open
940,319,1,,Open
941,319,3,3.5,Open
942,320,2,,Settled
943,320,1,,Settled
944,320,4,3.5,Settled
945,320,3,3.5,Settled
946,321,2,,Settled
947,321,3,3.5,Settled
948,322,1,,Open
949,322,4,3.5,Open
950,322,3,2.5,Open
951,322,2,,Open
952,323,2,,Settled
953,323,1,,Settled
954,324,2,,Settled
955,324,5,,Settled
956,324,3,2.5,Settled
957,325,1,,Settled
958,325,5,,Settled
959,325,3,2.5,Settled
960,326,3,3.5,Settled
961,326,4,3.5,Settled
962,327,1,,Settled
963,327,2,,Settled
964,327,5,,Settled
965,328,3,1.5,Settled
966,328,4,3.5,Settled
967,328,2,,Settled
968,328,5,,Settled
969,329,5,,Settled
970,329,2,,Settled
971,329,1,,Settled
972,329,3,1.5,Settled
973,330,3,1.5,Settled
974,330,2,,Settled
975,331,5,,Settled
976,331,4,3.5,Settled
977,332,1,,Settled
978,332,2,,Settled
979,333,5,,Settled
980,333,1,,Settled
981,334,5,,Open
982,334,2,,Open
983,335,3,2.5,Settled
984,335,2,,Settled
985,335,5,,Settled
986,335,4,3.5,Settled
987,336,4,1.5,Open
988,336,5,,Open
989,336,3,2.5,Open
990,336,1,,Open
991,337,3,2.5,Settled
992,337,2,,Settled
993,337,4,2.5,Settled
994,337,1,,Settled
995,338,3,1.5,Open
996,338,4,1.5,Open
997,339,4,1.5,Settled
998,339,5,,Settled
999,340,2,,Settled
1000,340,5,,Settled
1001,340,1,,Settled
1002,340,3,2.5,Settled
1003,341,5,,Open
1004,341,4,3.5,Open
1005,342,2,,Open
1006,342,5,,Open
1007,342,3,3.5,Open
1008,343,5,,Settled
1009,343,4,3.5,Settled
1010,343,3,1.5,Settled
1011,344,3,3.5,Settled
1012,344,4,1.5,Settled
1013,344,2,,Settled
1014,344,5,,Settled
1015,345,4,3.5,Settled
1016,345,2,,Settled
1017,345,3,2.5,Settled
1018,345,1,,Settled
1019,346,3,3.5,Settled
1020,346,2,,Settled
1021,347,1,,Open
1022,347,3,3.5,Open
1023,347,5,,Open
1024,348,2,,Settled
1025,348,1,,Settled
1026,348,5,,Settled
1027,349,3,2.5,Settled
1028,349,2,,Settled
1029,349,4,1.5,Settled
1030,349,1,,Settled
1031,350,1,,Settled
1032,350,5,,Settled
1033,351,3,3.5,Settled
1034,351,2,,Settled
1035,351,5,,Settled
1036,351,1,,Settled
1037,352,4,3.5,Open
1038,352,3,3.5,Open
1039,353,4,3.5,Open
1040,353,2,,Open
1041,353,1,,Open
1042,354,3,2.5,Settled
1043,354,2,,Settled
1044,354,4,1.5,Settled
1045,355,2,,Open
1046,355,5,,Open
1047,355,1,,Open
1048,356,5,,Open
1049,356,3,3.5,Open
1050,357,5,,Settled
1051,357,4,2.5,Settled
1052,357,1,,Settled
1053,357,3,3.5,Settled
1054,358,4,1.5,Settled
1055,358,1,,Settled
1056,358,5,,Settled
1057,359,4,2.5,Open
1058,359,1,,Open
1059,359,3,2.5,Open
1060,359,2,,Open
1061,360,3,2.5,Open
1062,360,4,1.5,Open
1063,361,4,3.5,Settled
1064,361,2,,Settled
1065,361,5,,Settled
1066,362,3,1.5,Open
1067,362,5,,Open
1068,363,4,1.5,Settled
1069,363,3,2.5,Settled
1070,364,1,,Open
1071,364,2,,Open
1072,364,4,2.5,Open
1073,365,5,,Open
1074,365,4,2.5,Open
1075,365,1,,Open
1076,365,3,3.5,Open
1077,366,3,3.5,Open
1078,366,4,2.5,Open
1079,367,1,,Settled
1080,367,3,3.5,Settled
1081,368,4,3.5,Settled
1082,368,5,,Settled
1083,368,2,,Settled
1084,368,1,,Settled
1085,369,3,2.5,Open
1086,369,4,3.5,Open
1087,370,5,,Open
1088,370,4,1.5,Open
1089,370,3,3.5,Open
1090,371,1,,Open
1091,371,4,1.5,Open
1092,372,2,,Open
1093,372,1,,Open
1094,372,4,3.5,Open
1095,372,5,,Open
1096,373,1,,Open
1097,373,4,2.5,Open
1098,373,2,,Open
1099,374,1,,Settled
1100,374,3,2.5,Settled
1101,374,4,2.5,Settled
1102,374,2,,Settled
1103,375,5,,Open
1104,375,3,1.5,Open
1105,375,2,,Open
1106,375,4,3.5,Open
1107,376,4,1.5,Open
1108,376,1,,Open
1109,376,5,,Open
1110,377,4,3.5,Settled
1111,377,3,1.5,Settled
1112,377,1,,Settled
1113,377,5,,Settled
1114,378,5,,Settled
1115,378,4,2.5,Settled
1116,379,2,,Open
1117,379,3,1.5,Open
1118,379,4,2.5,Open
1119,380,3,1.5,Settled
1120,380,4,1.5,Settled
1121,381,4,2.5,Settled
1122,381,2,,Settled
1123,381,1,,Settled
1124,382,5,,Settled
1125,382,4,3.5,Settled
1126,382,1,,Settled
1127,383,2,,Settled
1128,383,5,,Settled
1129,383,3,1.5,Settled
1130,384,5,,Settled
1131,384,2,,Settled
1132,385,4,2.5,Settled
1133,385,5,,Settled
1134,385,3,2.5,Settled
1135,385,2,,Settled
1136,386,1,,Open
1137,386,5,,Open
1138,387,2,,Settled
1139,387,3,1.5,Settled
1140,387,5,,Settled
1141,387,4,3.5,Settled
1142,388,4,2.5,Open
1143,388,3,1.5,Open
1144,388,2,,Open
1145,388,5,,Open
1146,389,3,3.5,Settled
1147,389,1,,Settled
1148,389,5,,Settled
1149,389,4,2.5,Settled
1150,390,4,3.5,Settled
1151,390,2,,Settled
1152,391,4,2.5,Open
1153,391,1,,Open
1154,391,3,2.5,Open
1155,392,3,1.5,Settled
1156,392,5,,Settled
1157,393,1,,Settled
1158,393,3,2.5,Settled
1159,393,5,,Settled
1160,393,4,2.5,Settled
1161,394,2,,Open
1162,394,5,,Open
1163,394,4,2.5,Open
1164,394,3,2.5,Open
1165,395,1,,Open
1166,395,2,,Open
1167,395,3,2.5,Open
1168,395,4,2.5,Open
1169,396,4,1.5,Settled
1170,396,1,,Settled
1171,396,5,,Settled
1172,397,4,3.5,Open
1173,397,2,,Open
1174,397,1,,Open
1175,398,5,,Settled
1176,398,4,3.5,Settled
1177,399,4,1.5,Open
1178,399,3,3.5,Open
1179,399,2,,Open
1180,399,1,,Open
1181,400,3,1.5,Settled
1182,400,2,,Settled
1183,400,1,,Settled
1184,400,4,3.5,Settled
1185,401,4,1.5,Open
1186,401,5,,Open
1187,402,3,2.5,Settled
1188,402,1,,Settled
1189,402,2,,Settled
1190,403,3,1.5,Settled
1191,403,2,,Settled
1192,403,1,,Settled
1193,404,3,2.5,Open
1194,404,2,,Open
1195,405,4,2.5,Settled
1196,405,5,,Settled
1197,405,1,,Settled
1198,405,3,3.5,Settled
1199,406,4,3.5,Settled
1200,406,5,,Settled
1201,406,1,,Settled
1202,407,4,3.5,Open
1203,407,5,,Open
1204,408,5,,Open
1205,408,3,3.5,Open
1206,408,1,,Open
1207,408,4,3.5,Open
1208,409,4,2.5,Settled
1209,409,3,2.5,Settled
1210,410,1,,Settled
1211,410,4,2.5,Settled
1212,411,2,,Settled
1213,411,1,,Settled
1214,411,5,,Settled
1215,411,4,2.5,Settled
1216,412,2,,Settled
1217,412,5,,Settled
1218,413,3,2.5,Open
1219,413,5,,Open
1220,413,2,,Open
1221,413,4,2.5,Open
1222,414,3,1.5,Open
1223,414,1,,Open
1224,414,5,,Open
1225,415,1,,Settled
1226,415,3,3.5,Settled
1227,416,1,,Open
1228,416,5,,Open
1229,416,2,,Open
1230,417,2,,Open
1231,417,1,,Open
1232,418,1,,Settled
1233,418,2,,Settled
1234,418,4,1.5,Settled
1235,418,5,,Settled
1236,419,5,,Open
1237,419,3,1.5,Open
1238,419,2,,Open
1239,420,3,3.5,Open
1240,420,4,2.5,Open
1241,420,1,,Open
1242,420,2,,Open
1243,421,3,2.5,Settled
1244,421,2,,Settled
1245,421,4,2.5,Settled
1246,421,1,,Settled
1247,422,5,,Settled
1248,422,4,3.5,Settled
1249,422,2,,Settled
1250,423,1,,Settled
1251,423,4,3.5,Settled
1252,423,5,,Settled
1253,424,1,,Settled
1254,424,2,,Settled
1255,424,5,,Settled
1256,424,4,3.5,Settled
1257,425,3,1.5,Open
1258,425,4,1.5,Open
1259,425,2,,Open
1260,425,5,,Open
1261,426,1,,Open
1262,426,5,,Open
1263,427,5,,Settled
1264,427,2,,Settled
1265,428,4,3.5,Open
1266,428,3,2.5,Open
1267,428,5,,Open
1268,428,2,,Open
1269,429,2,,Settled
1270,429,5,,Settled
1271,429,1,,Settled
1272,429,4,2.5,Settled
1273,430,3,1.5,Settled
1274,430,1,,Settled
1275,431,2,,Open
1276,431,1,,Open
1277,432,3,3.5,Open
1278,432,2,,Open
1279,433,4,1.5,Open
1280,433,1,,Open
1281,433,3,1.5,Open
1282,433,5,,Open
1283,434,2,,Open
1284,434,4,2.5,Open
1285,434,1,,Open
1286,434,5,,Open
1287,435,3,3.5,Settled
1288,435,4,1.5,Settled
1289,435,5,,Settled
1290,435,2,,Settled
1291,436,4,3.5,Open
1292,436,2,,Open
1293,437,5,,Settled
1294,437,3,2.5,Settled
1295,437,2,,Settled
1296,438,4,1.5,Open
1297,438,5,,Open
1298,438,1,,Open
1299,439,1,,Settled
1300,439,2,,Settled
1301,439,4,1.5,Settled
1302,439,3,1.5,Settled
1303,440,3,1.5,Settled
1304,440,5,,Settled
1305,441,2,,Settled
1306,441,3,2.5,Settled
1307,441,5,,Settled
1308,441,1,,Settled
1309,442,3,1.5,Settled
1310,442,1,,Settled
1311,443,4,1.5,Settled
1312,443,3,1.5,Settled
1313,443,5,,Settled
1314,444,1,,Open
1315,444,5,,Open
1316,444,3,1.5,Open
1317,445,4,1.5,Settled
1318,445,2,,Settled
1319,445,5,,Settled
1320,445,1,,Settled
1321,446,3,2.5,Settled
1322,446,4,1.5,Settled
1323,446,5,,Settled
1324,447,2,,Settled
1325,447,4,1.5,Settled
1326,448,1,,Settled
1327,448,2,,Settled
1328,449,3,2.5,Settled
1329,449,5,,Settled
1330,449,4,1.5,Settled
1331,450,4,3.5,Settled
1332,450,3,1.5,Settled
1333,450,2,,Settled
1334,451,1,,Settled
1335,451,3,2.5,Settled
1336,451,2,,Settled
1337,452,5,,Open
1338,452,1,,Open
1339,452,3,3.5,Open
1340,452,2,,Open
1341,453,4,3.5,Settled
1342,453,3,2.5,Settled
1343,454,4,1.5,Settled
1344,454,1,,Settled
1345,454,2,,Settled
1346,455,3,1.5,Settled
1347,455,4,2.5,Settled
1348,456,2,,Open
1349,456,3,3.5,Open
1350,457,2,,Settled
1351,457,4,2.5,Settled
1352,457,5,,Settled
1353,457,1,,Settled
1354,458,5,,Settled
1355,458,1,,Settled
1356,458,4,3.5,Settled
1357,458,3,1.5,Settled
1358,459,1,,Settled
1359,459,2,,Settled
1360,459,3,3.5,Settled
1361,460,1,,Open
1362,460,5,,Open
1363,461,4,1.5,Settled
1364,461,5,,Settled
1365,461,2,,Settled
1366,462,3,2.5,Open
1367,462,1,,Open
1368,463,3,3.5,Open
1369,463,4,1.5,Open
1370,464,4,1.5,Open
1371,464,3,3.5,Open
1372,464,2,,Open
1373,464,5,,Open
1374,465,1,,Open
1375,465,3,3.5,Open
1376,466,3,1.5,Open
1377,466,4,2.5,Open
1378,466,1,,Open
1379,466,2,,Open
1380,467,1,,Open
1381,467,2,,Open
1382,468,4,3.5,Settled
1383,468,5,,Settled
1384,468,2,,Settled
1385,468,1,,Settled
1386,469,1,,Open
1387,469,4,1.5,Open
1388,469,3,3.5,Open
1389,469,5,,Open
1390,470,5,,Settled
1391,470,2,,Settled
1392,470,1,,Settled
1393,470,4,3.5,Settled
1394,471,3,3.5,Settled
1395,471,5,,Settled
1396,471,2,,Settled
1397,472,1,,Settled
1398,472,4,1.5,Settled
1399,472,5,,Settled
1400,473,3,2.5,Settled
1401,473,4,3.5,Settled
1402,473,5,,Settled
1403,474,5,,Open
1404,474,4,2.5,Open
1405,474,2,,Open
1406,474,1,,Open
1407,475,3,3.5,Settled
1408,475,5,,Settled
1409,475,2,,Settled
1410,475,4,1.5,Settled
1411,476,3,3.5,Settled
1412,476,5,,Settled
1413,476,1,,Settled
1414,476,2,,Settled
1415,477,5,,Open
1416,477,3,3.5,Open
1417,478,1,,Open
1418,478,3,1.5,Open
1419,479,5,,Settled
1420,479,4,1.5,Settled
1421,480,1,,Settled
1422,480,4,3.5,Settled
1423,480,5,,Settled
1424,480,3,1.5,Settled
1425,481,3,3.5,Settled
1426,481,4,1.5,Settled
1427,481,1,,Settled
1428,481,2,,Settled
1429,482,3,3.5,Settled
1430,482,4,1.5,Settled
1431,483,1,,Open
1432,483,4,3.5,Open
1433,483,2,,Open
1434,484,5,,Settled
1435,484,3,2.5,Settled
1436,485,5,,Open
1437,485,2,,Open
1438,485,3,1.5,Open
1439,486,1,,Settled
1440,486,4,2.5,Settled
1441,486,3,1.5,Settled
1442,487,1,,Settled
1443,487,5,,Settled
1444,488,3,3.5,Settled
1445,488,2,,Settled
1446,488,1,,Settled
1447,489,4,1.5,Settled
1448,489,5,,Settled
1449,489,1,,Settled
1450,489,3,2.5,Settled
1451,490,4,3.5,Open
1452,490,5,,Open
1453,491,2,,Settled
1454,491,3,2.5,Settled
1455,491,5,,Settled
1456,491,1,,Settled
1457,492,3,1.5,Open
1458,492,5,,Open
1459,492,4,2.5,Open
1460,492,1,,Open
1461,493,4,2.5,Open
1462,493,3,1.5,Open
1463,494,2,,Open
1464,494,1,,Open
1465,494,3,1.5,Open
1466,495,2,,Open
1467,495,5,,Open
1468,495,1,,Open
1469,495,3,3.5,Open
1470,496,5,,Settled
1471,496,4,3.5,Settled
1472,496,1,,Settled
1473,496,3,1.5,Settled
1474,497,1,,Open
1475,497,3,1.5,Open
1476,497,4,1.5,Open
1477,497,5,,Open
1478,498,2,,Settled
1479,498,1,,Settled
1480,499,4,2.5,Settled
1481,499,5,,Settled
1482,499,2,,Settled
1483,499,3,1.5,Settled
1484,500,5,,Settled
1485,500,2,,Settled
1486,500,4,2.5,Settled
1487,500,3,3.5,Settled
