id_market_selection,id_market,selection_label,id_team
1,1,Gana Local,120.0
2,1,Empate,
3,1,Gana Visitante,119.0
4,2,Ambos Anotan - Sí,
5,2,Ambos Anotan - No,
6,3,Local o Empate,
7,3,Visitante o Empate,
8,3,Local o Visitante,
9,4,Gana Local,77.0
10,4,Empate,
11,4,Gana Visitante,36.0
12,5,Ambos Anotan - Sí,
13,5,Ambos Anotan - No,
14,6,Sí,
15,6,No,
16,7,Gana Local,107.0
17,7,Empate,
18,7,Gana Visitante,24.0
19,8,Sí,
20,8,No,
21,9,Local o Empate,
22,9,Visitante o Empate,
23,9,Local o Visitante,
24,10,Sí,
25,10,No,
26,11,Sí,
27,11,No,
28,12,Sí,
29,12,No,
30,13,Gana Local,59.0
31,13,Empate,
32,13,Gana Visitante,80.0
33,14,Ambos Anotan - Sí,
34,14,Ambos Anotan - No,
35,15,Sí,
36,15,No,
37,16,Gana Local,88.0
38,16,Empate,
39,16,Gana Visitante,12.0
40,17,Gana Local,24.0
41,17,Empate,
42,17,Gana Visitante,50.0
43,18,Ambos Anotan - Sí,
44,18,Ambos Anotan - No,
45,19,Sí,
46,19,No,
47,20,Gana Local,115.0
48,20,Empate,
49,20,Gana Visitante,98.0
50,21,Ambos Anotan - Sí,
51,21,Ambos Anotan - No,
52,22,Sí,
53,22,No,
54,23,Ambos Anotan - Sí,
55,23,Ambos Anotan - No,
56,24,Sí,
57,24,No,
58,25,Sí,
59,25,No,
60,26,Gana Local,119.0
61,26,Empate,
62,26,Gana Visitante,63.0
63,27,Sí,
64,27,No,
65,28,Sí,
66,28,No,
67,29,Local o Empate,
68,29,Visitante o Empate,
69,29,Local o Visitante,
70,30,Ambos Anotan - Sí,
71,30,Ambos Anotan - No,
72,31,Local o Empate,
73,31,Visitante o Empate,
74,31,Local o Visitante,
75,32,Sí,
76,32,No,
77,33,Local o Empate,
78,33,Visitante o Empate,
79,33,Local o Visitante,
80,34,Sí,
81,34,No,
82,35,Sí,
83,35,No,
84,36,Ambos Anotan - Sí,
85,36,Ambos Anotan - No,
86,37,Sí,
87,37,No,
88,38,Gana Local,69.0
89,38,Empate,
90,38,Gana Visitante,102.0
91,39,Local o Empate,
92,39,Visitante o Empate,
93,39,Local o Visitante,
94,40,Sí,
95,40,No,
96,41,Sí,
97,41,No,
98,42,Local o Empate,
99,42,Visitante o Empate,
100,42,Local o Visitante,
101,43,Sí,
102,43,No,
103,44,Sí,
104,44,No,
105,45,Ambos Anotan - Sí,
106,45,Ambos Anotan - No,
107,46,Sí,
108,46,No,
109,47,Local o Empate,
110,47,Visitante o Empate,
111,47,Local o Visitante,
112,48,Ambos Anotan - Sí,
113,48,Ambos Anotan - No,
114,49,Sí,
115,49,No,
116,50,Gana Local,113.0
117,50,Empate,
118,50,Gana Visitante,73.0
119,51,Sí,
120,51,No,
121,52,Gana Local,26.0
122,52,Empate,
123,52,Gana Visitante,8.0
124,53,Sí,
125,53,No,
126,54,Local o Empate,
127,54,Visitante o Empate,
128,54,Local o Visitante,
129,55,Ambos Anotan - Sí,
130,55,Ambos Anotan - No,
131,56,Sí,
132,56,No,
133,57,Gana Local,115.0
134,57,Empate,
135,57,Gana Visitante,7.0
136,58,Local o Empate,
137,58,Visitante o Empate,
138,58,Local o Visitante,
139,59,Sí,
140,59,No,
141,60,Sí,
142,60,No,
143,61,Local o Empate,
144,61,Visitante o Empate,
145,61,Local o Visitante,
146,62,Sí,
147,62,No,
148,63,Sí,
149,63,No,
150,64,Sí,
151,64,No,
152,65,Ambos Anotan - Sí,
153,65,Ambos Anotan - No,
154,66,Sí,
155,66,No,
156,67,Sí,
157,67,No,
158,68,Gana Local,35.0
159,68,Empate,
160,68,Gana Visitante,116.0
161,69,Ambos Anotan - Sí,
162,69,Ambos Anotan - No,
163,70,Local o Empate,
164,70,Visitante o Empate,
165,70,Local o Visitante,
166,71,Ambos Anotan - Sí,
167,71,Ambos Anotan - No,
168,72,Gana Local,60.0
169,72,Empate,
170,72,Gana Visitante,21.0
171,73,Sí,
172,73,No,
173,74,Local o Empate,
174,74,Visitante o Empate,
175,74,Local o Visitante,
176,75,Sí,
177,75,No,
178,76,Ambos Anotan - Sí,
179,76,Ambos Anotan - No,
180,77,Sí,
181,77,No,
182,78,Ambos Anotan - Sí,
183,78,Ambos Anotan - No,
184,79,Local o Empate,
185,79,Visitante o Empate,
186,79,Local o Visitante,
187,80,Gana Local,61.0
188,80,Empate,
189,80,Gana Visitante,102.0
190,81,Gana Local,48.0
191,81,Empate,
192,81,Gana Visitante,12.0
193,82,Sí,
194,82,No,
195,83,Sí,
196,83,No,
197,84,Sí,
198,84,No,
199,85,Gana Local,63.0
200,85,Empate,
201,85,Gana Visitante,102.0
202,86,Ambos Anotan - Sí,
203,86,Ambos Anotan - No,
204,87,Sí,
205,87,No,
206,88,Sí,
207,88,No,
208,89,Gana Local,76.0
209,89,Empate,
210,89,Gana Visitante,32.0
211,90,Sí,
212,90,No,
213,91,Gana Local,61.0
214,91,Empate,
215,91,Gana Visitante,110.0
216,92,Ambos Anotan - Sí,
217,92,Ambos Anotan - No,
218,93,Sí,
219,93,No,
220,94,Sí,
221,94,No,
222,95,Gana Local,72.0
223,95,Empate,
224,95,Gana Visitante,87.0
225,96,Sí,
226,96,No,
227,97,Ambos Anotan - Sí,
228,97,Ambos Anotan - No,
229,98,Sí,
230,98,No,
231,99,Gana Local,95.0
232,99,Empate,
233,99,Gana Visitante,115.0
234,100,Local o Empate,
235,100,Visitante o Empate,
236,100,Local o Visitante,
237,101,Local o Empate,
238,101,Visitante o Empate,
239,101,Local o Visitante,
240,102,Ambos Anotan - Sí,
241,102,Ambos Anotan - No,
242,103,Sí,
243,103,No,
244,104,Gana Local,84.0
245,104,Empate,
246,104,Gana Visitante,115.0
247,105,Ambos Anotan - Sí,
248,105,Ambos Anotan - No,
249,106,Gana Local,52.0
250,106,Empate,
251,106,Gana Visitante,63.0
252,107,Sí,
253,107,No,
254,108,Ambos Anotan - Sí,
255,108,Ambos Anotan - No,
256,109,Sí,
257,109,No,
258,110,Sí,
259,110,No,
260,111,Gana Local,41.0
261,111,Empate,
262,111,Gana Visitante,12.0
263,112,Ambos Anotan - Sí,
264,112,Ambos Anotan - No,
265,113,Sí,
266,113,No,
267,114,Local o Empate,
268,114,Visitante o Empate,
269,114,Local o Visitante,
270,115,Sí,
271,115,No,
272,116,Local o Empate,
273,116,Visitante o Empate,
274,116,Local o Visitante,
275,117,Gana Local,72.0
276,117,Empate,
277,117,Gana Visitante,50.0
278,118,Local o Empate,
279,118,Visitante o Empate,
280,118,Local o Visitante,
281,119,Sí,
282,119,No,
283,120,Sí,
284,120,No,
285,121,Ambos Anotan - Sí,
286,121,Ambos Anotan - No,
287,122,Sí,
288,122,No,
289,123,Ambos Anotan - Sí,
290,123,Ambos Anotan - No,
291,124,Local o Empate,
292,124,Visitante o Empate,
293,124,Local o Visitante,
294,125,Gana Local,5.0
295,125,Empate,
296,125,Gana Visitante,10.0
297,126,Sí,
298,126,No,
299,127,Gana Local,50.0
300,127,Empate,
301,127,Gana Visitante,76.0
302,128,Ambos Anotan - Sí,
303,128,Ambos Anotan - No,
304,129,Local o Empate,
305,129,Visitante o Empate,
306,129,Local o Visitante,
307,130,Sí,
308,130,No,
309,131,Gana Local,7.0
310,131,Empate,
311,131,Gana Visitante,79.0
312,132,Local o Empate,
313,132,Visitante o Empate,
314,132,Local o Visitante,
315,133,Ambos Anotan - Sí,
316,133,Ambos Anotan - No,
317,134,Sí,
318,134,No,
319,135,Gana Local,79.0
320,135,Empate,
321,135,Gana Visitante,50.0
322,136,Sí,
323,136,No,
324,137,Gana Local,57.0
325,137,Empate,
326,137,Gana Visitante,67.0
327,138,Sí,
328,138,No,
329,139,Local o Empate,
330,139,Visitante o Empate,
331,139,Local o Visitante,
332,140,Ambos Anotan - Sí,
333,140,Ambos Anotan - No,
334,141,Gana Local,69.0
335,141,Empate,
336,141,Gana Visitante,9.0
337,142,Sí,
338,142,No,
339,143,Sí,
340,143,No,
341,144,Gana Local,10.0
342,144,Empate,
343,144,Gana Visitante,53.0
344,145,Sí,
345,145,No,
346,146,Gana Local,83.0
347,146,Empate,
348,146,Gana Visitante,64.0
349,147,Ambos Anotan - Sí,
350,147,Ambos Anotan - No,
351,148,Sí,
352,148,No,
353,149,Sí,
354,149,No,
355,150,Ambos Anotan - Sí,
356,150,Ambos Anotan - No,
357,151,Ambos Anotan - Sí,
358,151,Ambos Anotan - No,
359,152,Local o Empate,
360,152,Visitante o Empate,
361,152,Local o Visitante,
362,153,Sí,
363,153,No,
364,154,Sí,
365,154,No,
366,155,Sí,
367,155,No,
368,156,Gana Local,58.0
369,156,Empate,
370,156,Gana Visitante,49.0
371,157,Local o Empate,
372,157,Visitante o Empate,
373,157,Local o Visitante,
374,158,Local o Empate,
375,158,Visitante o Empate,
376,158,Local o Visitante,
377,159,Ambos Anotan - Sí,
378,159,Ambos Anotan - No,
379,160,Gana Local,59.0
380,160,Empate,
381,160,Gana Visitante,25.0
382,161,Sí,
383,161,No,
384,162,Sí,
385,162,No,
386,163,Ambos Anotan - Sí,
387,163,Ambos Anotan - No,
388,164,Local o Empate,
389,164,Visitante o Empate,
390,164,Local o Visitante,
391,165,Sí,
392,165,No,
393,166,Sí,
394,166,No,
395,167,Sí,
396,167,No,
397,168,Local o Empate,
398,168,Visitante o Empate,
399,168,Local o Visitante,
400,169,Gana Local,46.0
401,169,Empate,
402,169,Gana Visitante,101.0
403,170,Sí,
404,170,No,
405,171,Gana Local,110.0
406,171,Empate,
407,171,Gana Visitante,37.0
408,172,Sí,
409,172,No,
410,173,Sí,
411,173,No,
412,174,Sí,
413,174,No,
414,175,Ambos Anotan - Sí,
415,175,Ambos Anotan - No,
416,176,Sí,
417,176,No,
418,177,Gana Local,115.0
419,177,Empate,
420,177,Gana Visitante,36.0
421,178,Local o Empate,
422,178,Visitante o Empate,
423,178,Local o Visitante,
424,179,Ambos Anotan - Sí,
425,179,Ambos Anotan - No,
426,180,Ambos Anotan - Sí,
427,180,Ambos Anotan - No,
428,181,Sí,
429,181,No,
430,182,Gana Local,114.0
431,182,Empate,
432,182,Gana Visitante,113.0
433,183,Sí,
434,183,No,
435,184,Sí,
436,184,No,
437,185,Ambos Anotan - Sí,
438,185,Ambos Anotan - No,
439,186,Local o Empate,
440,186,Visitante o Empate,
441,186,Local o Visitante,
442,187,Gana Local,2.0
443,187,Empate,
444,187,Gana Visitante,15.0
445,188,Sí,
446,188,No,
447,189,Gana Local,59.0
448,189,Empate,
449,189,Gana Visitante,87.0
450,190,Ambos Anotan - Sí,
451,190,Ambos Anotan - No,
452,191,Sí,
453,191,No,
454,192,Gana Local,54.0
455,192,Empate,
456,192,Gana Visitante,88.0
457,193,Ambos Anotan - Sí,
458,193,Ambos Anotan - No,
459,194,Ambos Anotan - Sí,
460,194,Ambos Anotan - No,
461,195,Local o Empate,
462,195,Visitante o Empate,
463,195,Local o Visitante,
464,196,Sí,
465,196,No,
466,197,Gana Local,50.0
467,197,Empate,
468,197,Gana Visitante,19.0
469,198,Sí,
470,198,No,
471,199,Gana Local,22.0
472,199,Empate,
473,199,Gana Visitante,71.0
474,200,Ambos Anotan - Sí,
475,200,Ambos Anotan - No,
476,201,Local o Empate,
477,201,Visitante o Empate,
478,201,Local o Visitante,
479,202,Local o Empate,
480,202,Visitante o Empate,
481,202,Local o Visitante,
482,203,Sí,
483,203,No,
484,204,Sí,
485,204,No,
486,205,Local o Empate,
487,205,Visitante o Empate,
488,205,Local o Visitante,
489,206,Sí,
490,206,No,
491,207,Sí,
492,207,No,
493,208,Ambos Anotan - Sí,
494,208,Ambos Anotan - No,
495,209,Gana Local,38.0
496,209,Empate,
497,209,Gana Visitante,76.0
498,210,Local o Empate,
499,210,Visitante o Empate,
500,210,Local o Visitante,
501,211,Ambos Anotan - Sí,
502,211,Ambos Anotan - No,
503,212,Local o Empate,
504,212,Visitante o Empate,
505,212,Local o Visitante,
506,213,Local o Empate,
507,213,Visitante o Empate,
508,213,Local o Visitante,
509,214,Gana Local,92.0
510,214,Empate,
511,214,Gana Visitante,73.0
512,215,Ambos Anotan - Sí,
513,215,Ambos Anotan - No,
514,216,Sí,
515,216,No,
516,217,Sí,
517,217,No,
518,218,Gana Local,91.0
519,218,Empate,
520,218,Gana Visitante,73.0
521,219,Local o Empate,
522,219,Visitante o Empate,
523,219,Local o Visitante,
524,220,Sí,
525,220,No,
526,221,Sí,
527,221,No,
528,222,Gana Local,56.0
529,222,Empate,
530,222,Gana Visitante,113.0
531,223,Local o Empate,
532,223,Visitante o Empate,
533,223,Local o Visitante,
534,224,Gana Local,115.0
535,224,Empate,
536,224,Gana Visitante,12.0
537,225,Sí,
538,225,No,
539,226,Sí,
540,226,No,
541,227,Ambos Anotan - Sí,
542,227,Ambos Anotan - No,
543,228,Sí,
544,228,No,
545,229,Gana Local,5.0
546,229,Empate,
547,229,Gana Visitante,12.0
548,230,Local o Empate,
549,230,Visitante o Empate,
550,230,Local o Visitante,
551,231,Sí,
552,231,No,
553,232,Sí,
554,232,No,
555,233,Local o Empate,
556,233,Visitante o Empate,
557,233,Local o Visitante,
558,234,Sí,
559,234,No,
560,235,Ambos Anotan - Sí,
561,235,Ambos Anotan - No,
562,236,Sí,
563,236,No,
564,237,Local o Empate,
565,237,Visitante o Empate,
566,237,Local o Visitante,
567,238,Ambos Anotan - Sí,
568,238,Ambos Anotan - No,
569,239,Sí,
570,239,No,
571,240,Gana Local,40.0
572,240,Empate,
573,240,Gana Visitante,19.0
574,241,Sí,
575,241,No,
576,242,Local o Empate,
577,242,Visitante o Empate,
578,242,Local o Visitante,
579,243,Sí,
580,243,No,
581,244,Ambos Anotan - Sí,
582,244,Ambos Anotan - No,
583,245,Sí,
584,245,No,
585,246,Sí,
586,246,No,
587,247,Gana Local,27.0
588,247,Empate,
589,247,Gana Visitante,40.0
590,248,Local o Empate,
591,248,Visitante o Empate,
592,248,Local o Visitante,
593,249,Sí,
594,249,No,
595,250,Sí,
596,250,No,
597,251,Local o Empate,
598,251,Visitante o Empate,
599,251,Local o Visitante,
600,252,Ambos Anotan - Sí,
601,252,Ambos Anotan - No,
602,253,Sí,
603,253,No,
604,254,Sí,
605,254,No,
606,255,Sí,
607,255,No,
608,256,Gana Local,67.0
609,256,Empate,
610,256,Gana Visitante,50.0
611,257,Local o Empate,
612,257,Visitante o Empate,
613,257,Local o Visitante,
614,258,Sí,
615,258,No,
616,259,Gana Local,27.0
617,259,Empate,
618,259,Gana Visitante,104.0
619,260,Sí,
620,260,No,
621,261,Sí,
622,261,No,
623,262,Ambos Anotan - Sí,
624,262,Ambos Anotan - No,
625,263,Local o Empate,
626,263,Visitante o Empate,
627,263,Local o Visitante,
628,264,Sí,
629,264,No,
630,265,Local o Empate,
631,265,Visitante o Empate,
632,265,Local o Visitante,
633,266,Ambos Anotan - Sí,
634,266,Ambos Anotan - No,
635,267,Sí,
636,267,No,
637,268,Sí,
638,268,No,
639,269,Local o Empate,
640,269,Visitante o Empate,
641,269,Local o Visitante,
642,270,Ambos Anotan - Sí,
643,270,Ambos Anotan - No,
644,271,Local o Empate,
645,271,Visitante o Empate,
646,271,Local o Visitante,
647,272,Gana Local,47.0
648,272,Empate,
649,272,Gana Visitante,69.0
650,273,Gana Local,20.0
651,273,Empate,
652,273,Gana Visitante,3.0
653,274,Sí,
654,274,No,
655,275,Sí,
656,275,No,
657,276,Local o Empate,
658,276,Visitante o Empate,
659,276,Local o Visitante,
660,277,Sí,
661,277,No,
662,278,Gana Local,52.0
663,278,Empate,
664,278,Gana Visitante,56.0
665,279,Sí,
666,279,No,
667,280,Ambos Anotan - Sí,
668,280,Ambos Anotan - No,
669,281,Local o Empate,
670,281,Visitante o Empate,
671,281,Local o Visitante,
672,282,Gana Local,113.0
673,282,Empate,
674,282,Gana Visitante,61.0
675,283,Local o Empate,
676,283,Visitante o Empate,
677,283,Local o Visitante,
678,284,Ambos Anotan - Sí,
679,284,Ambos Anotan - No,
680,285,Sí,
681,285,No,
682,286,Gana Local,50.0
683,286,Empate,
684,286,Gana Visitante,87.0
685,287,Ambos Anotan - Sí,
686,287,Ambos Anotan - No,
687,288,Sí,
688,288,No,
689,289,Sí,
690,289,No,
691,290,Gana Local,19.0
692,290,Empate,
693,290,Gana Visitante,7.0
694,291,Local o Empate,
695,291,Visitante o Empate,
696,291,Local o Visitante,
697,292,Sí,
698,292,No,
699,293,Sí,
700,293,No,
701,294,Local o Empate,
702,294,Visitante o Empate,
703,294,Local o Visitante,
704,295,Sí,
705,295,No,
706,296,Local o Empate,
707,296,Visitante o Empate,
708,296,Local o Visitante,
709,297,Ambos Anotan - Sí,
710,297,Ambos Anotan - No,
711,298,Sí,
712,298,No,
713,299,Gana Local,96.0
714,299,Empate,
715,299,Gana Visitante,83.0
716,300,Sí,
717,300,No,
718,301,Gana Local,92.0
719,301,Empate,
720,301,Gana Visitante,73.0
721,302,Local o Empate,
722,302,Visitante o Empate,
723,302,Local o Visitante,
724,303,Sí,
725,303,No,
726,304,Gana Local,40.0
727,304,Empate,
728,304,Gana Visitante,110.0
729,305,Ambos Anotan - Sí,
730,305,Ambos Anotan - No,
731,306,Gana Local,45.0
732,306,Empate,
733,306,Gana Visitante,50.0
734,307,Sí,
735,307,No,
736,308,Sí,
737,308,No,
738,309,Sí,
739,309,No,
740,310,Ambos Anotan - Sí,
741,310,Ambos Anotan - No,
742,311,Sí,
743,311,No,
744,312,Local o Empate,
745,312,Visitante o Empate,
746,312,Local o Visitante,
747,313,Sí,
748,313,No,
749,314,Gana Local,102.0
750,314,Empate,
751,314,Gana Visitante,53.0
752,315,Sí,
753,315,No,
754,316,Ambos Anotan - Sí,
755,316,Ambos Anotan - No,
756,317,Gana Local,7.0
757,317,Empate,
758,317,Gana Visitante,21.0
759,318,Sí,
760,318,No,
761,319,Sí,
762,319,No,
763,320,Ambos Anotan - Sí,
764,320,Ambos Anotan - No,
765,321,Gana Local,105.0
766,321,Empate,
767,321,Gana Visitante,29.0
768,322,Ambos Anotan - Sí,
769,322,Ambos Anotan - No,
770,323,Ambos Anotan - Sí,
771,323,Ambos Anotan - No,
772,324,Local o Empate,
773,324,Visitante o Empate,
774,324,Local o Visitante,
775,325,Sí,
776,325,No,
777,326,Gana Local,108.0
778,326,Empate,
779,326,Gana Visitante,44.0
780,327,Local o Empate,
781,327,Visitante o Empate,
782,327,Local o Visitante,
783,328,Sí,
784,328,No,
785,329,Sí,
786,329,No,
787,330,Gana Local,56.0
788,330,Empate,
789,330,Gana Visitante,10.0
790,331,Ambos Anotan - Sí,
791,331,Ambos Anotan - No,
792,332,Ambos Anotan - Sí,
793,332,Ambos Anotan - No,
794,333,Gana Local,12.0
795,333,Empate,
796,333,Gana Visitante,39.0
797,334,Sí,
798,334,No,
799,335,Local o Empate,
800,335,Visitante o Empate,
801,335,Local o Visitante,
802,336,Local o Empate,
803,336,Visitante o Empate,
804,336,Local o Visitante,
805,337,Ambos Anotan - Sí,
806,337,Ambos Anotan - No,
807,338,Sí,
808,338,No,
809,339,Sí,
810,339,No,
811,340,Local o Empate,
812,340,Visitante o Empate,
813,340,Local o Visitante,
814,341,Gana Local,72.0
815,341,Empate,
816,341,Gana Visitante,50.0
817,342,Sí,
818,342,No,
819,343,Local o Empate,
820,343,Visitante o Empate,
821,343,Local o Visitante,
822,344,Gana Local,59.0
823,344,Empate,
824,344,Gana Visitante,85.0
825,345,Ambos Anotan - Sí,
826,345,Ambos Anotan - No,
827,346,Sí,
828,346,No,
829,347,Gana Local,59.0
830,347,Empate,
831,347,Gana Visitante,23.0
832,348,Sí,
833,348,No,
834,349,Local o Empate,
835,349,Visitante o Empate,
836,349,Local o Visitante,
837,350,Ambos Anotan - Sí,
838,350,Ambos Anotan - No,
839,351,Local o Empate,
840,351,Visitante o Empate,
841,351,Local o Visitante,
842,352,Sí,
843,352,No,
844,353,Sí,
845,353,No,
846,354,Gana Local,59.0
847,354,Empate,
848,354,Gana Visitante,25.0
849,355,Ambos Anotan - Sí,
850,355,Ambos Anotan - No,
851,356,Gana Local,113.0
852,356,Empate,
853,356,Gana Visitante,114.0
854,357,Sí,
855,357,No,
856,358,Ambos Anotan - Sí,
857,358,Ambos Anotan - No,
858,359,Local o Empate,
859,359,Visitante o Empate,
860,359,Local o Visitante,
861,360,Sí,
862,360,No,
863,361,Ambos Anotan - Sí,
864,361,Ambos Anotan - No,
865,362,Local o Empate,
866,362,Visitante o Empate,
867,362,Local o Visitante,
868,363,Sí,
869,363,No,
870,364,Local o Empate,
871,364,Visitante o Empate,
872,364,Local o Visitante,
873,365,Sí,
874,365,No,
875,366,Sí,
876,366,No,
877,367,Sí,
878,367,No,
879,368,Gana Local,3.0
880,368,Empate,
881,368,Gana Visitante,99.0
882,369,Ambos Anotan - Sí,
883,369,Ambos Anotan - No,
884,370,Sí,
885,370,No,
886,371,Local o Empate,
887,371,Visitante o Empate,
888,371,Local o Visitante,
889,372,Ambos Anotan - Sí,
890,372,Ambos Anotan - No,
891,373,Gana Local,43.0
892,373,Empate,
893,373,Gana Visitante,59.0
894,374,Ambos Anotan - Sí,
895,374,Ambos Anotan - No,
896,375,Sí,
897,375,No,
898,376,Sí,
899,376,No,
900,377,Sí,
901,377,No,
902,378,Ambos Anotan - Sí,
903,378,Ambos Anotan - No,
904,379,Sí,
905,379,No,
906,380,Sí,
907,380,No,
908,381,Ambos Anotan - Sí,
909,381,Ambos Anotan - No,
910,382,Sí,
911,382,No,
912,383,Gana Local,26.0
913,383,Empate,
914,383,Gana Visitante,47.0
915,384,Ambos Anotan - Sí,
916,384,Ambos Anotan - No,
917,385,Local o Empate,
918,385,Visitante o Empate,
919,385,Local o Visitante,
920,386,Gana Local,6.0
921,386,Empate,
922,386,Gana Visitante,96.0
923,387,Gana Local,47.0
924,387,Empate,
925,387,Gana Visitante,46.0
926,388,Local o Empate,
927,388,Visitante o Empate,
928,388,Local o Visitante,
929,389,Ambos Anotan - Sí,
930,389,Ambos Anotan - No,
931,390,Ambos Anotan - Sí,
932,390,Ambos Anotan - No,
933,391,Sí,
934,391,No,
935,392,Local o Empate,
936,392,Visitante o Empate,
937,392,Local o Visitante,
938,393,Sí,
939,393,No,
940,394,Local o Empate,
941,394,Visitante o Empate,
942,394,Local o Visitante,
943,395,Sí,
944,395,No,
945,396,Sí,
946,396,No,
947,397,Ambos Anotan - Sí,
948,397,Ambos Anotan - No,
949,398,Gana Local,39.0
950,398,Empate,
951,398,Gana Visitante,48.0
952,399,Sí,
953,399,No,
954,400,Gana Local,88.0
955,400,Empate,
956,400,Gana Visitante,20.0
957,401,Local o Empate,
958,401,Visitante o Empate,
959,401,Local o Visitante,
960,402,Sí,
961,402,No,
962,403,Sí,
963,403,No,
964,404,Gana Local,8.0
965,404,Empate,
966,404,Gana Visitante,54.0
967,405,Sí,
968,405,No,
969,406,Local o Empate,
970,406,Visitante o Empate,
971,406,Local o Visitante,
972,407,Gana Local,41.0
973,407,Empate,
974,407,Gana Visitante,61.0
975,408,Local o Empate,
976,408,Visitante o Empate,
977,408,Local o Visitante,
978,409,Ambos Anotan - Sí,
979,409,Ambos Anotan - No,
980,410,Sí,
981,410,No,
982,411,Local o Empate,
983,411,Visitante o Empate,
984,411,Local o Visitante,
985,412,Sí,
986,412,No,
987,413,Sí,
988,413,No,
989,414,Gana Local,67.0
990,414,Empate,
991,414,Gana Visitante,20.0
992,415,Ambos Anotan - Sí,
993,415,Ambos Anotan - No,
994,416,Gana Local,49.0
995,416,Empate,
996,416,Gana Visitante,93.0
997,417,Ambos Anotan - Sí,
998,417,Ambos Anotan - No,
999,418,Sí,
1000,418,No,
1001,419,Ambos Anotan - Sí,
1002,419,Ambos Anotan - No,
1003,420,Sí,
1004,420,No,
1005,421,Sí,
1006,421,No,
1007,422,Local o Empate,
1008,422,Visitante o Empate,
1009,422,Local o Visitante,
1010,423,Sí,
1011,423,No,
1012,424,Gana Local,20.0
1013,424,Empate,
1014,424,Gana Visitante,12.0
1015,425,Ambos Anotan - Sí,
1016,425,Ambos Anotan - No,
1017,426,Gana Local,4.0
1018,426,Empate,
1019,426,Gana Visitante,80.0
1020,427,Sí,
1021,427,No,
1022,428,Sí,
1023,428,No,
1024,429,Gana Local,76.0
1025,429,Empate,
1026,429,Gana Visitante,69.0
1027,430,Sí,
1028,430,No,
1029,431,Local o Empate,
1030,431,Visitante o Empate,
1031,431,Local o Visitante,
1032,432,Sí,
1033,432,No,
1034,433,Sí,
1035,433,No,
1036,434,Local o Empate,
1037,434,Visitante o Empate,
1038,434,Local o Visitante,
1039,435,Sí,
1040,435,No,
1041,436,Gana Local,12.0
1042,436,Empate,
1043,436,Gana Visitante,54.0
1044,437,Ambos Anotan - Sí,
1045,437,Ambos Anotan - No,
1046,438,Local o Empate,
1047,438,Visitante o Empate,
1048,438,Local o Visitante,
1049,439,Gana Local,51.0
1050,439,Empate,
1051,439,Gana Visitante,5.0
1052,440,Sí,
1053,440,No,
1054,441,Gana Local,104.0
1055,441,Empate,
1056,441,Gana Visitante,27.0
1057,442,Local o Empate,
1058,442,Visitante o Empate,
1059,442,Local o Visitante,
1060,443,Sí,
1061,443,No,
1062,444,Ambos Anotan - Sí,
1063,444,Ambos Anotan - No,
1064,445,Gana Local,88.0
1065,445,Empate,
1066,445,Gana Visitante,14.0
1067,446,Sí,
1068,446,No,
1069,447,Local o Empate,
1070,447,Visitante o Empate,
1071,447,Local o Visitante,
1072,448,Sí,
1073,448,No,
1074,449,Gana Local,94.0
1075,449,Empate,
1076,449,Gana Visitante,44.0
1077,450,Local o Empate,
1078,450,Visitante o Empate,
1079,450,Local o Visitante,
1080,451,Local o Empate,
1081,451,Visitante o Empate,
1082,451,Local o Visitante,
1083,452,Ambos Anotan - Sí,
1084,452,Ambos Anotan - No,
1085,453,Sí,
1086,453,No,
1087,454,Local o Empate,
1088,454,Visitante o Empate,
1089,454,Local o Visitante,
1090,455,Ambos Anotan - Sí,
1091,455,Ambos Anotan - No,
1092,456,Gana Local,59.0
1093,456,Empate,
1094,456,Gana Visitante,47.0
1095,457,Gana Local,3.0
1096,457,Empate,
1097,457,Gana Visitante,110.0
1098,458,Sí,
1099,458,No,
1100,459,Ambos Anotan - Sí,
1101,459,Ambos Anotan - No,
1102,460,Sí,
1103,460,No,
1104,461,Sí,
1105,461,No,
1106,462,Gana Local,97.0
1107,462,Empate,
1108,462,Gana Visitante,80.0
1109,463,Sí,
1110,463,No,
1111,464,Ambos Anotan - Sí,
1112,464,Ambos Anotan - No,
1113,465,Gana Local,88.0
1114,465,Empate,
1115,465,Gana Visitante,67.0
1116,466,Sí,
1117,466,No,
1118,467,Local o Empate,
1119,467,Visitante o Empate,
1120,467,Local o Visitante,
1121,468,Sí,
1122,468,No,
1123,469,Ambos Anotan - Sí,
1124,469,Ambos Anotan - No,
1125,470,Sí,
1126,470,No,
1127,471,Gana Local,24.0
1128,471,Empate,
1129,471,Gana Visitante,74.0
1130,472,Gana Local,110.0
1131,472,Empate,
1132,472,Gana Visitante,12.0
1133,473,Sí,
1134,473,No,
1135,474,Sí,
1136,474,No,
1137,475,Local o Empate,
1138,475,Visitante o Empate,
1139,475,Local o Visitante,
1140,476,Local o Empate,
1141,476,Visitante o Empate,
1142,476,Local o Visitante,
1143,477,Ambos Anotan - Sí,
1144,477,Ambos Anotan - No,
1145,478,Gana Local,15.0
1146,478,Empate,
1147,478,Gana Visitante,6.0
1148,479,Sí,
1149,479,No,
1150,480,Sí,
1151,480,No,
1152,481,Local o Empate,
1153,481,Visitante o Empate,
1154,481,Local o Visitante,
1155,482,Gana Local,11.0
1156,482,Empate,
1157,482,Gana Visitante,43.0
1158,483,Ambos Anotan - Sí,
1159,483,Ambos Anotan - No,
1160,484,Sí,
1161,484,No,
1162,485,Sí,
1163,485,No,
1164,486,Local o Empate,
1165,486,Visitante o Empate,
1166,486,Local o Visitante,
1167,487,Sí,
1168,487,No,
1169,488,Sí,
1170,488,No,
1171,489,Sí,
1172,489,No,
1173,490,Gana Local,51.0
1174,490,Empate,
1175,490,Gana Visitante,5.0
1176,491,Sí,
1177,491,No,
1178,492,Sí,
1179,492,No,
1180,493,Gana Local,79.0
1181,493,Empate,
1182,493,Gana Visitante,7.0
1183,494,Gana Local,12.0
1184,494,Empate,
1185,494,Gana Visitante,15.0
1186,495,Ambos Anotan - Sí,
1187,495,Ambos Anotan - No,
1188,496,Sí,
1189,496,No,
1190,497,Local o Empate,
1191,497,Visitante o Empate,
1192,497,Local o Visitante,
1193,498,Gana Local,40.0
1194,498,Empate,
1195,498,Gana Visitante,108.0
1196,499,Ambos Anotan - Sí,
1197,499,Ambos Anotan - No,
1198,500,Ambos Anotan - Sí,
1199,500,Ambos Anotan - No,
1200,501,Gana Local,14.0
1201,501,Empate,
1202,501,Gana Visitante,3.0
1203,502,Sí,
1204,502,No,
1205,503,Sí,
1206,503,No,
1207,504,Local o Empate,
1208,504,Visitante o Empate,
1209,504,Local o Visitante,
1210,505,Gana Local,57.0
1211,505,Empate,
1212,505,Gana Visitante,50.0
1213,506,Sí,
1214,506,No,
1215,507,Ambos Anotan - Sí,
1216,507,Ambos Anotan - No,
1217,508,Ambos Anotan - Sí,
1218,508,Ambos Anotan - No,
1219,509,Sí,
1220,509,No,
1221,510,Local o Empate,
1222,510,Visitante o Empate,
1223,510,Local o Visitante,
1224,511,Sí,
1225,511,No,
1226,512,Sí,
1227,512,No,
1228,513,Ambos Anotan - Sí,
1229,513,Ambos Anotan - No,
1230,514,Local o Empate,
1231,514,Visitante o Empate,
1232,514,Local o Visitante,
1233,515,Sí,
1234,515,No,
1235,516,Ambos Anotan - Sí,
1236,516,Ambos Anotan - No,
1237,517,Sí,
1238,517,No,
1239,518,Local o Empate,
1240,518,Visitante o Empate,
1241,518,Local o Visitante,
1242,519,Gana Local,44.0
1243,519,Empate,
1244,519,Gana Visitante,79.0
1245,520,Ambos Anotan - Sí,
1246,520,Ambos Anotan - No,
1247,521,Sí,
1248,521,No,
1249,522,Local o Empate,
1250,522,Visitante o Empate,
1251,522,Local o Visitante,
1252,523,Sí,
1253,523,No,
1254,524,Sí,
1255,524,No,
1256,525,Gana Local,22.0
1257,525,Empate,
1258,525,Gana Visitante,76.0
1259,526,Sí,
1260,526,No,
1261,527,Ambos Anotan - Sí,
1262,527,Ambos Anotan - No,
1263,528,Gana Local,5.0
1264,528,Empate,
1265,528,Gana Visitante,51.0
1266,529,Ambos Anotan - Sí,
1267,529,Ambos Anotan - No,
1268,530,Sí,
1269,530,No,
1270,531,Sí,
1271,531,No,
1272,532,Local o Empate,
1273,532,Visitante o Empate,
1274,532,Local o Visitante,
1275,533,Sí,
1276,533,No,
1277,534,Local o Empate,
1278,534,Visitante o Empate,
1279,534,Local o Visitante,
1280,535,Sí,
1281,535,No,
1282,536,Sí,
1283,536,No,
1284,537,Local o Empate,
1285,537,Visitante o Empate,
1286,537,Local o Visitante,
1287,538,Gana Local,101.0
1288,538,Empate,
1289,538,Gana Visitante,47.0
1290,539,Sí,
1291,539,No,
1292,540,Sí,
1293,540,No,
1294,541,Gana Local,19.0
1295,541,Empate,
1296,541,Gana Visitante,40.0
1297,542,Local o Empate,
1298,542,Visitante o Empate,
1299,542,Local o Visitante,
1300,543,Ambos Anotan - Sí,
1301,543,Ambos Anotan - No,
1302,544,Sí,
1303,544,No,
1304,545,Local o Empate,
1305,545,Visitante o Empate,
1306,545,Local o Visitante,
1307,546,Sí,
1308,546,No,
1309,547,Ambos Anotan - Sí,
1310,547,Ambos Anotan - No,
1311,548,Local o Empate,
1312,548,Visitante o Empate,
1313,548,Local o Visitante,
1314,549,Sí,
1315,549,No,
1316,550,Sí,
1317,550,No,
1318,551,Ambos Anotan - Sí,
1319,551,Ambos Anotan - No,
1320,552,Sí,
1321,552,No,
1322,553,Sí,
1323,553,No,
1324,554,Gana Local,23.0
1325,554,Empate,
1326,554,Gana Visitante,97.0
1327,555,Ambos Anotan - Sí,
1328,555,Ambos Anotan - No,
1329,556,Sí,
1330,556,No,
1331,557,Sí,
1332,557,No,
1333,558,Sí,
1334,558,No,
1335,559,Gana Local,39.0
1336,559,Empate,
1337,559,Gana Visitante,50.0
1338,560,Sí,
1339,560,No,
1340,561,Gana Local,53.0
1341,561,Empate,
1342,561,Gana Visitante,104.0
1343,562,Sí,
1344,562,No,
1345,563,Sí,
1346,563,No,
1347,564,Sí,
1348,564,No,
1349,565,Gana Local,5.0
1350,565,Empate,
1351,565,Gana Visitante,27.0
1352,566,Gana Local,84.0
1353,566,Empate,
1354,566,Gana Visitante,100.0
1355,567,Ambos Anotan - Sí,
1356,567,Ambos Anotan - No,
1357,568,Sí,
1358,568,No,
1359,569,Ambos Anotan - Sí,
1360,569,Ambos Anotan - No,
1361,570,Sí,
1362,570,No,
1363,571,Local o Empate,
1364,571,Visitante o Empate,
1365,571,Local o Visitante,
1366,572,Sí,
1367,572,No,
1368,573,Gana Local,56.0
1369,573,Empate,
1370,573,Gana Visitante,44.0
1371,574,Local o Empate,
1372,574,Visitante o Empate,
1373,574,Local o Visitante,
1374,575,Ambos Anotan - Sí,
1375,575,Ambos Anotan - No,
1376,576,Sí,
1377,576,No,
1378,577,Local o Empate,
1379,577,Visitante o Empate,
1380,577,Local o Visitante,
1381,578,Sí,
1382,578,No,
1383,579,Sí,
1384,579,No,
1385,580,Local o Empate,
1386,580,Visitante o Empate,
1387,580,Local o Visitante,
1388,581,Local o Empate,
1389,581,Visitante o Empate,
1390,581,Local o Visitante,
1391,582,Gana Local,61.0
1392,582,Empate,
1393,582,Gana Visitante,47.0
1394,583,Sí,
1395,583,No,
1396,584,Sí,
1397,584,No,
1398,585,Sí,
1399,585,No,
1400,586,Gana Local,79.0
1401,586,Empate,
1402,586,Gana Visitante,92.0
1403,587,Sí,
1404,587,No,
1405,588,Gana Local,42.0
1406,588,Empate,
1407,588,Gana Visitante,110.0
1408,589,Local o Empate,
1409,589,Visitante o Empate,
1410,589,Local o Visitante,
1411,590,Ambos Anotan - Sí,
1412,590,Ambos Anotan - No,
1413,591,Sí,
1414,591,No,
1415,592,Ambos Anotan - Sí,
1416,592,Ambos Anotan - No,
1417,593,Sí,
1418,593,No,
1419,594,Sí,
1420,594,No,
1421,595,Gana Local,47.0
1422,595,Empate,
1423,595,Gana Visitante,72.0
1424,596,Local o Empate,
1425,596,Visitante o Empate,
1426,596,Local o Visitante,
1427,597,Sí,
1428,597,No,
1429,598,Local o Empate,
1430,598,Visitante o Empate,
1431,598,Local o Visitante,
1432,599,Ambos Anotan - Sí,
1433,599,Ambos Anotan - No,
1434,600,Sí,
1435,600,No,
1436,601,Sí,
1437,601,No,
1438,602,Sí,
1439,602,No,
1440,603,Gana Local,47.0
1441,603,Empate,
1442,603,Gana Visitante,23.0
1443,604,Local o Empate,
1444,604,Visitante o Empate,
1445,604,Local o Visitante,
1446,605,Sí,
1447,605,No,
1448,606,Ambos Anotan - Sí,
1449,606,Ambos Anotan - No,
1450,607,Sí,
1451,607,No,
1452,608,Gana Local,80.0
1453,608,Empate,
1454,608,Gana Visitante,98.0
1455,609,Sí,
1456,609,No,
1457,610,Sí,
1458,610,No,
1459,611,Local o Empate,
1460,611,Visitante o Empate,
1461,611,Local o Visitante,
1462,612,Local o Empate,
1463,612,Visitante o Empate,
1464,612,Local o Visitante,
1465,613,Ambos Anotan - Sí,
1466,613,Ambos Anotan - No,
1467,614,Sí,
1468,614,No,
1469,615,Gana Local,19.0
1470,615,Empate,
1471,615,Gana Visitante,38.0
1472,616,Ambos Anotan - Sí,
1473,616,Ambos Anotan - No,
1474,617,Sí,
1475,617,No,
1476,618,Local o Empate,
1477,618,Visitante o Empate,
1478,618,Local o Visitante,
1479,619,Sí,
1480,619,No,
1481,620,Local o Empate,
1482,620,Visitante o Empate,
1483,620,Local o Visitante,
1484,621,Gana Local,69.0
1485,621,Empate,
1486,621,Gana Visitante,88.0
1487,622,Sí,
1488,622,No,
1489,623,Sí,
1490,623,No,
1491,624,Ambos Anotan - Sí,
1492,624,Ambos Anotan - No,
1493,625,Gana Local,50.0
1494,625,Empate,
1495,625,Gana Visitante,44.0
1496,626,Sí,
1497,626,No,
1498,627,Gana Local,18.0
1499,627,Empate,
1500,627,Gana Visitante,19.0
1501,628,Sí,
1502,628,No,
1503,629,Ambos Anotan - Sí,
1504,629,Ambos Anotan - No,
1505,630,Sí,
1506,630,No,
1507,631,Sí,
1508,631,No,
1509,632,Ambos Anotan - Sí,
1510,632,Ambos Anotan - No,
1511,633,Local o Empate,
1512,633,Visitante o Empate,
1513,633,Local o Visitante,
1514,634,Ambos Anotan - Sí,
1515,634,Ambos Anotan - No,
1516,635,Sí,
1517,635,No,
1518,636,Sí,
1519,636,No,
1520,637,Local o Empate,
1521,637,Visitante o Empate,
1522,637,Local o Visitante,
1523,638,Local o Empate,
1524,638,Visitante o Empate,
1525,638,Local o Visitante,
1526,639,Ambos Anotan - Sí,
1527,639,Ambos Anotan - No,
1528,640,Gana Local,57.0
1529,640,Empate,
1530,640,Gana Visitante,120.0
1531,641,Ambos Anotan - Sí,
1532,641,Ambos Anotan - No,
1533,642,Sí,
1534,642,No,
1535,643,Sí,
1536,643,No,
1537,644,Sí,
1538,644,No,
1539,645,Ambos Anotan - Sí,
1540,645,Ambos Anotan - No,
1541,646,Ambos Anotan - Sí,
1542,646,Ambos Anotan - No,
1543,647,Sí,
1544,647,No,
1545,648,Sí,
1546,648,No,
1547,649,Local o Empate,
1548,649,Visitante o Empate,
1549,649,Local o Visitante,
1550,650,Gana Local,114.0
1551,650,Empate,
1552,650,Gana Visitante,12.0
1553,651,Local o Empate,
1554,651,Visitante o Empate,
1555,651,Local o Visitante,
1556,652,Sí,
1557,652,No,
1558,653,Ambos Anotan - Sí,
1559,653,Ambos Anotan - No,
1560,654,Gana Local,23.0
1561,654,Empate,
1562,654,Gana Visitante,47.0
1563,655,Local o Empate,
1564,655,Visitante o Empate,
1565,655,Local o Visitante,
1566,656,Sí,
1567,656,No,
1568,657,Local o Empate,
1569,657,Visitante o Empate,
1570,657,Local o Visitante,
1571,658,Ambos Anotan - Sí,
1572,658,Ambos Anotan - No,
1573,659,Sí,
1574,659,No,
1575,660,Gana Local,36.0
1576,660,Empate,
1577,660,Gana Visitante,19.0
1578,661,Local o Empate,
1579,661,Visitante o Empate,
1580,661,Local o Visitante,
1581,662,Sí,
1582,662,No,
1583,663,Local o Empate,
1584,663,Visitante o Empate,
1585,663,Local o Visitante,
1586,664,Sí,
1587,664,No,
1588,665,Sí,
1589,665,No,
1590,666,Sí,
1591,666,No,
1592,667,Gana Local,7.0
1593,667,Empate,
1594,667,Gana Visitante,76.0
1595,668,Ambos Anotan - Sí,
1596,668,Ambos Anotan - No,
1597,669,Sí,
1598,669,No,
1599,670,Ambos Anotan - Sí,
1600,670,Ambos Anotan - No,
1601,671,Gana Local,63.0
1602,671,Empate,
1603,671,Gana Visitante,59.0
1604,672,Sí,
1605,672,No,
1606,673,Sí,
1607,673,No,
1608,674,Ambos Anotan - Sí,
1609,674,Ambos Anotan - No,
1610,675,Sí,
1611,675,No,
1612,676,Local o Empate,
1613,676,Visitante o Empate,
1614,676,Local o Visitante,
1615,677,Ambos Anotan - Sí,
1616,677,Ambos Anotan - No,
1617,678,Local o Empate,
1618,678,Visitante o Empate,
1619,678,Local o Visitante,
1620,679,Gana Local,41.0
1621,679,Empate,
1622,679,Gana Visitante,37.0
1623,680,Local o Empate,
1624,680,Visitante o Empate,
1625,680,Local o Visitante,
1626,681,Ambos Anotan - Sí,
1627,681,Ambos Anotan - No,
1628,682,Sí,
1629,682,No,
1630,683,Sí,
1631,683,No,
1632,684,Ambos Anotan - Sí,
1633,684,Ambos Anotan - No,
1634,685,Sí,
1635,685,No,
1636,686,Sí,
1637,686,No,
1638,687,Gana Local,70.0
1639,687,Empate,
1640,687,Gana Visitante,79.0
1641,688,Local o Empate,
1642,688,Visitante o Empate,
1643,688,Local o Visitante,
1644,689,Ambos Anotan - Sí,
1645,689,Ambos Anotan - No,
1646,690,Gana Local,56.0
1647,690,Empate,
1648,690,Gana Visitante,106.0
1649,691,Sí,
1650,691,No,
1651,692,Sí,
1652,692,No,
1653,693,Local o Empate,
1654,693,Visitante o Empate,
1655,693,Local o Visitante,
1656,694,Sí,
1657,694,No,
1658,695,Ambos Anotan - Sí,
1659,695,Ambos Anotan - No,
1660,696,Local o Empate,
1661,696,Visitante o Empate,
1662,696,Local o Visitante,
1663,697,Sí,
1664,697,No,
1665,698,Ambos Anotan - Sí,
1666,698,Ambos Anotan - No,
1667,699,Gana Local,27.0
1668,699,Empate,
1669,699,Gana Visitante,47.0
1670,700,Gana Local,13.0
1671,700,Empate,
1672,700,Gana Visitante,10.0
1673,701,Sí,
1674,701,No,
1675,702,Sí,
1676,702,No,
1677,703,Ambos Anotan - Sí,
1678,703,Ambos Anotan - No,
1679,704,Sí,
1680,704,No,
1681,705,Sí,
1682,705,No,
1683,706,Local o Empate,
1684,706,Visitante o Empate,
1685,706,Local o Visitante,
1686,707,Gana Local,24.0
1687,707,Empate,
1688,707,Gana Visitante,108.0
1689,708,Sí,
1690,708,No,
1691,709,Local o Empate,
1692,709,Visitante o Empate,
1693,709,Local o Visitante,
1694,710,Sí,
1695,710,No,
1696,711,Gana Local,4.0
1697,711,Empate,
1698,711,Gana Visitante,94.0
1699,712,Ambos Anotan - Sí,
1700,712,Ambos Anotan - No,
1701,713,Gana Local,15.0
1702,713,Empate,
1703,713,Gana Visitante,6.0
1704,714,Local o Empate,
1705,714,Visitante o Empate,
1706,714,Local o Visitante,
1707,715,Gana Local,47.0
1708,715,Empate,
1709,715,Gana Visitante,35.0
1710,716,Sí,
1711,716,No,
1712,717,Local o Empate,
1713,717,Visitante o Empate,
1714,717,Local o Visitante,
1715,718,Sí,
1716,718,No,
1717,719,Sí,
1718,719,No,
1719,720,Local o Empate,
1720,720,Visitante o Empate,
1721,720,Local o Visitante,
1722,721,Sí,
1723,721,No,
1724,722,Gana Local,78.0
1725,722,Empate,
1726,722,Gana Visitante,64.0
1727,723,Sí,
1728,723,No,
1729,724,Sí,
1730,724,No,
1731,725,Local o Empate,
1732,725,Visitante o Empate,
1733,725,Local o Visitante,
1734,726,Ambos Anotan - Sí,
1735,726,Ambos Anotan - No,
1736,727,Local o Empate,
1737,727,Visitante o Empate,
1738,727,Local o Visitante,
1739,728,Ambos Anotan - Sí,
1740,728,Ambos Anotan - No,
1741,729,Sí,
1742,729,No,
1743,730,Sí,
1744,730,No,
1745,731,Local o Empate,
1746,731,Visitante o Empate,
1747,731,Local o Visitante,
1748,732,Gana Local,69.0
1749,732,Empate,
1750,732,Gana Visitante,94.0
1751,733,Sí,
1752,733,No,
1753,734,Ambos Anotan - Sí,
1754,734,Ambos Anotan - No,
1755,735,Local o Empate,
1756,735,Visitante o Empate,
1757,735,Local o Visitante,
1758,736,Sí,
1759,736,No,
1760,737,Gana Local,95.0
1761,737,Empate,
1762,737,Gana Visitante,39.0
1763,738,Sí,
1764,738,No,
1765,739,Gana Local,87.0
1766,739,Empate,
1767,739,Gana Visitante,52.0
1768,740,Local o Empate,
1769,740,Visitante o Empate,
1770,740,Local o Visitante,
1771,741,Sí,
1772,741,No,
1773,742,Sí,
1774,742,No,
1775,743,Ambos Anotan - Sí,
1776,743,Ambos Anotan - No,
1777,744,Local o Empate,
1778,744,Visitante o Empate,
1779,744,Local o Visitante,
1780,745,Gana Local,77.0
1781,745,Empate,
1782,745,Gana Visitante,108.0
1783,746,Gana Local,3.0
1784,746,Empate,
1785,746,Gana Visitante,57.0
1786,747,Sí,
1787,747,No,
1788,748,Local o Empate,
1789,748,Visitante o Empate,
1790,748,Local o Visitante,
1791,749,Ambos Anotan - Sí,
1792,749,Ambos Anotan - No,
1793,750,Sí,
1794,750,No,
1795,751,Sí,
1796,751,No,
1797,752,Ambos Anotan - Sí,
1798,752,Ambos Anotan - No,
1799,753,Sí,
1800,753,No,
1801,754,Gana Local,119.0
1802,754,Empate,
1803,754,Gana Visitante,73.0
1804,755,Ambos Anotan - Sí,
1805,755,Ambos Anotan - No,
1806,756,Local o Empate,
1807,756,Visitante o Empate,
1808,756,Local o Visitante,
1809,757,Gana Local,88.0
1810,757,Empate,
1811,757,Gana Visitante,2.0
1812,758,Ambos Anotan - Sí,
1813,758,Ambos Anotan - No,
1814,759,Local o Empate,
1815,759,Visitante o Empate,
1816,759,Local o Visitante,
1817,760,Sí,
1818,760,No,
1819,761,Sí,
1820,761,No,
1821,762,Local o Empate,
1822,762,Visitante o Empate,
1823,762,Local o Visitante,
1824,763,Gana Local,44.0
1825,763,Empate,
1826,763,Gana Visitante,27.0
1827,764,Sí,
1828,764,No,
1829,765,Sí,
1830,765,No,
1831,766,Sí,
1832,766,No,
1833,767,Local o Empate,
1834,767,Visitante o Empate,
1835,767,Local o Visitante,
1836,768,Ambos Anotan - Sí,
1837,768,Ambos Anotan - No,
1838,769,Sí,
1839,769,No,
1840,770,Ambos Anotan - Sí,
1841,770,Ambos Anotan - No,
1842,771,Gana Local,76.0
1843,771,Empate,
1844,771,Gana Visitante,102.0
1845,772,Sí,
1846,772,No,
1847,773,Local o Empate,
1848,773,Visitante o Empate,
1849,773,Local o Visitante,
1850,774,Sí,
1851,774,No,
1852,775,Ambos Anotan - Sí,
1853,775,Ambos Anotan - No,
1854,776,Sí,
1855,776,No,
1856,777,Gana Local,23.0
1857,777,Empate,
1858,777,Gana Visitante,27.0
1859,778,Local o Empate,
1860,778,Visitante o Empate,
1861,778,Local o Visitante,
1862,779,Ambos Anotan - Sí,
1863,779,Ambos Anotan - No,
1864,780,Gana Local,39.0
1865,780,Empate,
1866,780,Gana Visitante,95.0
1867,781,Gana Local,21.0
1868,781,Empate,
1869,781,Gana Visitante,79.0
1870,782,Ambos Anotan - Sí,
1871,782,Ambos Anotan - No,
1872,783,Sí,
1873,783,No,
1874,784,Local o Empate,
1875,784,Visitante o Empate,
1876,784,Local o Visitante,
1877,785,Ambos Anotan - Sí,
1878,785,Ambos Anotan - No,
1879,786,Sí,
1880,786,No,
1881,787,Local o Empate,
1882,787,Visitante o Empate,
1883,787,Local o Visitante,
1884,788,Local o Empate,
1885,788,Visitante o Empate,
1886,788,Local o Visitante,
1887,789,Sí,
1888,789,No,
1889,790,Sí,
1890,790,No,
1891,791,Sí,
1892,791,No,
1893,792,Gana Local,67.0
1894,792,Empate,
1895,792,Gana Visitante,45.0
1896,793,Local o Empate,
1897,793,Visitante o Empate,
1898,793,Local o Visitante,
1899,794,Ambos Anotan - Sí,
1900,794,Ambos Anotan - No,
1901,795,Sí,
1902,795,No,
1903,796,Gana Local,76.0
1904,796,Empate,
1905,796,Gana Visitante,7.0
1906,797,Sí,
1907,797,No,
1908,798,Ambos Anotan - Sí,
1909,798,Ambos Anotan - No,
1910,799,Local o Empate,
1911,799,Visitante o Empate,
1912,799,Local o Visitante,
1913,800,Sí,
1914,800,No,
1915,801,Local o Empate,
1916,801,Visitante o Empate,
1917,801,Local o Visitante,
1918,802,Gana Local,56.0
1919,802,Empate,
1920,802,Gana Visitante,103.0
1921,803,Sí,
1922,803,No,
1923,804,Ambos Anotan - Sí,
1924,804,Ambos Anotan - No,
1925,805,Ambos Anotan - Sí,
1926,805,Ambos Anotan - No,
1927,806,Gana Local,29.0
1928,806,Empate,
1929,806,Gana Visitante,63.0
1930,807,Sí,
1931,807,No,
1932,808,Sí,
1933,808,No,
1934,809,Gana Local,49.0
1935,809,Empate,
1936,809,Gana Visitante,120.0
1937,810,Sí,
1938,810,No,
1939,811,Gana Local,7.0
1940,811,Empate,
1941,811,Gana Visitante,37.0
1942,812,Sí,
1943,812,No,
1944,813,Local o Empate,
1945,813,Visitante o Empate,
1946,813,Local o Visitante,
1947,814,Gana Local,19.0
1948,814,Empate,
1949,814,Gana Visitante,5.0
1950,815,Sí,
1951,815,No,
1952,816,Gana Local,12.0
1953,816,Empate,
1954,816,Gana Visitante,2.0
1955,817,Sí,
1956,817,No,
1957,818,Local o Empate,
1958,818,Visitante o Empate,
1959,818,Local o Visitante,
1960,819,Ambos Anotan - Sí,
1961,819,Ambos Anotan - No,
1962,820,Sí,
1963,820,No,
1964,821,Local o Empate,
1965,821,Visitante o Empate,
1966,821,Local o Visitante,
1967,822,Sí,
1968,822,No,
1969,823,Sí,
1970,823,No,
1971,824,Gana Local,9.0
1972,824,Empate,
1973,824,Gana Visitante,120.0
1974,825,Sí,
1975,825,No,
1976,826,Local o Empate,
1977,826,Visitante o Empate,
1978,826,Local o Visitante,
1979,827,Ambos Anotan - Sí,
1980,827,Ambos Anotan - No,
1981,828,Sí,
1982,828,No,
1983,829,Sí,
1984,829,No,
1985,830,Sí,
1986,830,No,
1987,831,Sí,
1988,831,No,
1989,832,Local o Empate,
1990,832,Visitante o Empate,
1991,832,Local o Visitante,
1992,833,Ambos Anotan - Sí,
1993,833,Ambos Anotan - No,
1994,834,Gana Local,50.0
1995,834,Empate,
1996,834,Gana Visitante,87.0
1997,835,Sí,
1998,835,No,
1999,836,Sí,
2000,836,No,
2001,837,Local o Empate,
2002,837,Visitante o Empate,
2003,837,Local o Visitante,
2004,838,Sí,
2005,838,No,
2006,839,Sí,
2007,839,No,
2008,840,Local o Empate,
2009,840,Visitante o Empate,
2010,840,Local o Visitante,
2011,841,Gana Local,12.0
2012,841,Empate,
2013,841,Gana Visitante,56.0
2014,842,Sí,
2015,842,No,
2016,843,Gana Local,40.0
2017,843,Empate,
2018,843,Gana Visitante,110.0
2019,844,Ambos Anotan - Sí,
2020,844,Ambos Anotan - No,
2021,845,Local o Empate,
2022,845,Visitante o Empate,
2023,845,Local o Visitante,
2024,846,Ambos Anotan - Sí,
2025,846,Ambos Anotan - No,
2026,847,Gana Local,60.0
2027,847,Empate,
2028,847,Gana Visitante,50.0
2029,848,Local o Empate,
2030,848,Visitante o Empate,
2031,848,Local o Visitante,
2032,849,Ambos Anotan - Sí,
2033,849,Ambos Anotan - No,
2034,850,Sí,
2035,850,No,
2036,851,Local o Empate,
2037,851,Visitante o Empate,
2038,851,Local o Visitante,
2039,852,Sí,
2040,852,No,
2041,853,Sí,
2042,853,No,
2043,854,Local o Empate,
2044,854,Visitante o Empate,
2045,854,Local o Visitante,
2046,855,Ambos Anotan - Sí,
2047,855,Ambos Anotan - No,
2048,856,Sí,
2049,856,No,
2050,857,Sí,
2051,857,No,
2052,858,Sí,
2053,858,No,
2054,859,Sí,
2055,859,No,
2056,860,Ambos Anotan - Sí,
2057,860,Ambos Anotan - No,
2058,861,Gana Local,67.0
2059,861,Empate,
2060,861,Gana Visitante,3.0
2061,862,Sí,
2062,862,No,
2063,863,Local o Empate,
2064,863,Visitante o Empate,
2065,863,Local o Visitante,
2066,864,Sí,
2067,864,No,
2068,865,Ambos Anotan - Sí,
2069,865,Ambos Anotan - No,
2070,866,Local o Empate,
2071,866,Visitante o Empate,
2072,866,Local o Visitante,
2073,867,Sí,
2074,867,No,
2075,868,Sí,
2076,868,No,
2077,869,Local o Empate,
2078,869,Visitante o Empate,
2079,869,Local o Visitante,
2080,870,Gana Local,18.0
2081,870,Empate,
2082,870,Gana Visitante,102.0
2083,871,Gana Local,20.0
2084,871,Empate,
2085,871,Gana Visitante,82.0
2086,872,Sí,
2087,872,No,
2088,873,Ambos Anotan - Sí,
2089,873,Ambos Anotan - No,
2090,874,Sí,
2091,874,No,
2092,875,Ambos Anotan - Sí,
2093,875,Ambos Anotan - No,
2094,876,Local o Empate,
2095,876,Visitante o Empate,
2096,876,Local o Visitante,
2097,877,Gana Local,19.0
2098,877,Empate,
2099,877,Gana Visitante,69.0
2100,878,Sí,
2101,878,No,
2102,879,Sí,
2103,879,No,
2104,880,Ambos Anotan - Sí,
2105,880,Ambos Anotan - No,
2106,881,Local o Empate,
2107,881,Visitante o Empate,
2108,881,Local o Visitante,
2109,882,Ambos Anotan - Sí,
2110,882,Ambos Anotan - No,
2111,883,Gana Local,35.0
2112,883,Empate,
2113,883,Gana Visitante,98.0
2114,884,Ambos Anotan - Sí,
2115,884,Ambos Anotan - No,
2116,885,Sí,
2117,885,No,
2118,886,Gana Local,21.0
2119,886,Empate,
2120,886,Gana Visitante,86.0
2121,887,Sí,
2122,887,No,
2123,888,Ambos Anotan - Sí,
2124,888,Ambos Anotan - No,
2125,889,Gana Local,49.0
2126,889,Empate,
2127,889,Gana Visitante,18.0
2128,890,Ambos Anotan - Sí,
2129,890,Ambos Anotan - No,
2130,891,Sí,
2131,891,No,
2132,892,Gana Local,94.0
2133,892,Empate,
2134,892,Gana Visitante,69.0
2135,893,Local o Empate,
2136,893,Visitante o Empate,
2137,893,Local o Visitante,
2138,894,Sí,
2139,894,No,
2140,895,Ambos Anotan - Sí,
2141,895,Ambos Anotan - No,
2142,896,Sí,
2143,896,No,
2144,897,Gana Local,7.0
2145,897,Empate,
2146,897,Gana Visitante,60.0
2147,898,Local o Empate,
2148,898,Visitante o Empate,
2149,898,Local o Visitante,
2150,899,Local o Empate,
2151,899,Visitante o Empate,
2152,899,Local o Visitante,
2153,900,Sí,
2154,900,No,
2155,901,Gana Local,19.0
2156,901,Empate,
2157,901,Gana Visitante,18.0
2158,902,Local o Empate,
2159,902,Visitante o Empate,
2160,902,Local o Visitante,
2161,903,Ambos Anotan - Sí,
2162,903,Ambos Anotan - No,
2163,904,Sí,
2164,904,No,
2165,905,Sí,
2166,905,No,
2167,906,Sí,
2168,906,No,
2169,907,Gana Local,52.0
2170,907,Empate,
2171,907,Gana Visitante,32.0
2172,908,Local o Empate,
2173,908,Visitante o Empate,
2174,908,Local o Visitante,
2175,909,Ambos Anotan - Sí,
2176,909,Ambos Anotan - No,
2177,910,Sí,
2178,910,No,
2179,911,Gana Local,54.0
2180,911,Empate,
2181,911,Gana Visitante,5.0
2182,912,Sí,
2183,912,No,
2184,913,Sí,
2185,913,No,
2186,914,Ambos Anotan - Sí,
2187,914,Ambos Anotan - No,
2188,915,Sí,
2189,915,No,
2190,916,Sí,
2191,916,No,
2192,917,Sí,
2193,917,No,
2194,918,Ambos Anotan - Sí,
2195,918,Ambos Anotan - No,
2196,919,Ambos Anotan - Sí,
2197,919,Ambos Anotan - No,
2198,920,Local o Empate,
2199,920,Visitante o Empate,
2200,920,Local o Visitante,
2201,921,Gana Local,44.0
2202,921,Empate,
2203,921,Gana Visitante,37.0
2204,922,Sí,
2205,922,No,
2206,923,Sí,
2207,923,No,
2208,924,Gana Local,115.0
2209,924,Empate,
2210,924,Gana Visitante,95.0
2211,925,Local o Empate,
2212,925,Visitante o Empate,
2213,925,Local o Visitante,
2214,926,Ambos Anotan - Sí,
2215,926,Ambos Anotan - No,
2216,927,Local o Empate,
2217,927,Visitante o Empate,
2218,927,Local o Visitante,
2219,928,Sí,
2220,928,No,
2221,929,Ambos Anotan - Sí,
2222,929,Ambos Anotan - No,
2223,930,Gana Local,100.0
2224,930,Empate,
2225,930,Gana Visitante,115.0
2226,931,Sí,
2227,931,No,
2228,932,Ambos Anotan - Sí,
2229,932,Ambos Anotan - No,
2230,933,Sí,
2231,933,No,
2232,934,Gana Local,22.0
2233,934,Empate,
2234,934,Gana Visitante,92.0
2235,935,Sí,
2236,935,No,
2237,936,Sí,
2238,936,No,
2239,937,Sí,
2240,937,No,
2241,938,Sí,
2242,938,No,
2243,939,Local o Empate,
2244,939,Visitante o Empate,
2245,939,Local o Visitante,
2246,940,Gana Local,51.0
2247,940,Empate,
2248,940,Gana Visitante,35.0
2249,941,Sí,
2250,941,No,
2251,942,Local o Empate,
2252,942,Visitante o Empate,
2253,942,Local o Visitante,
2254,943,Gana Local,77.0
2255,943,Empate,
2256,943,Gana Visitante,118.0
2257,944,Sí,
2258,944,No,
2259,945,Sí,
2260,945,No,
2261,946,Local o Empate,
2262,946,Visitante o Empate,
2263,946,Local o Visitante,
2264,947,Sí,
2265,947,No,
2266,948,Gana Local,77.0
2267,948,Empate,
2268,948,Gana Visitante,118.0
2269,949,Sí,
2270,949,No,
2271,950,Sí,
2272,950,No,
2273,951,Local o Empate,
2274,951,Visitante o Empate,
2275,951,Local o Visitante,
2276,952,Local o Empate,
2277,952,Visitante o Empate,
2278,952,Local o Visitante,
2279,953,Gana Local,43.0
2280,953,Empate,
2281,953,Gana Visitante,106.0
2282,954,Local o Empate,
2283,954,Visitante o Empate,
2284,954,Local o Visitante,
2285,955,Ambos Anotan - Sí,
2286,955,Ambos Anotan - No,
2287,956,Sí,
2288,956,No,
2289,957,Gana Local,83.0
2290,957,Empate,
2291,957,Gana Visitante,16.0
2292,958,Ambos Anotan - Sí,
2293,958,Ambos Anotan - No,
2294,959,Sí,
2295,959,No,
2296,960,Sí,
2297,960,No,
2298,961,Sí,
2299,961,No,
2300,962,Gana Local,41.0
2301,962,Empate,
2302,962,Gana Visitante,110.0
2303,963,Local o Empate,
2304,963,Visitante o Empate,
2305,963,Local o Visitante,
2306,964,Ambos Anotan - Sí,
2307,964,Ambos Anotan - No,
2308,965,Sí,
2309,965,No,
2310,966,Sí,
2311,966,No,
2312,967,Local o Empate,
2313,967,Visitante o Empate,
2314,967,Local o Visitante,
2315,968,Ambos Anotan - Sí,
2316,968,Ambos Anotan - No,
2317,969,Ambos Anotan - Sí,
2318,969,Ambos Anotan - No,
2319,970,Local o Empate,
2320,970,Visitante o Empate,
2321,970,Local o Visitante,
2322,971,Gana Local,8.0
2323,971,Empate,
2324,971,Gana Visitante,5.0
2325,972,Sí,
2326,972,No,
2327,973,Sí,
2328,973,No,
2329,974,Local o Empate,
2330,974,Visitante o Empate,
2331,974,Local o Visitante,
2332,975,Ambos Anotan - Sí,
2333,975,Ambos Anotan - No,
2334,976,Sí,
2335,976,No,
2336,977,Gana Local,84.0
2337,977,Empate,
2338,977,Gana Visitante,27.0
2339,978,Local o Empate,
2340,978,Visitante o Empate,
2341,978,Local o Visitante,
2342,979,Ambos Anotan - Sí,
2343,979,Ambos Anotan - No,
2344,980,Gana Local,37.0
2345,980,Empate,
2346,980,Gana Visitante,114.0
2347,981,Ambos Anotan - Sí,
2348,981,Ambos Anotan - No,
2349,982,Local o Empate,
2350,982,Visitante o Empate,
2351,982,Local o Visitante,
2352,983,Sí,
2353,983,No,
2354,984,Local o Empate,
2355,984,Visitante o Empate,
2356,984,Local o Visitante,
2357,985,Ambos Anotan - Sí,
2358,985,Ambos Anotan - No,
2359,986,Sí,
2360,986,No,
2361,987,Sí,
2362,987,No,
2363,988,Ambos Anotan - Sí,
2364,988,Ambos Anotan - No,
2365,989,Sí,
2366,989,No,
2367,990,Gana Local,79.0
2368,990,Empate,
2369,990,Gana Visitante,99.0
2370,991,Sí,
2371,991,No,
2372,992,Local o Empate,
2373,992,Visitante o Empate,
2374,992,Local o Visitante,
2375,993,Sí,
2376,993,No,
2377,994,Gana Local,7.0
2378,994,Empate,
2379,994,Gana Visitante,60.0
2380,995,Sí,
2381,995,No,
2382,996,Sí,
2383,996,No,
2384,997,Sí,
2385,997,No,
2386,998,Ambos Anotan - Sí,
2387,998,Ambos Anotan - No,
2388,999,Local o Empate,
2389,999,Visitante o Empate,
2390,999,Local o Visitante,
2391,1000,Ambos Anotan - Sí,
2392,1000,Ambos Anotan - No,
2393,1001,Gana Local,114.0
2394,1001,Empate,
2395,1001,Gana Visitante,61.0
2396,1002,Sí,
2397,1002,No,
2398,1003,Ambos Anotan - Sí,
2399,1003,Ambos Anotan - No,
2400,1004,Sí,
2401,1004,No,
2402,1005,Local o Empate,
2403,1005,Visitante o Empate,
2404,1005,Local o Visitante,
2405,1006,Ambos Anotan - Sí,
2406,1006,Ambos Anotan - No,
2407,1007,Sí,
2408,1007,No,
2409,1008,Ambos Anotan - Sí,
2410,1008,Ambos Anotan - No,
2411,1009,Sí,
2412,1009,No,
2413,1010,Sí,
2414,1010,No,
2415,1011,Sí,
2416,1011,No,
2417,1012,Sí,
2418,1012,No,
2419,1013,Local o Empate,
2420,1013,Visitante o Empate,
2421,1013,Local o Visitante,
2422,1014,Ambos Anotan - Sí,
2423,1014,Ambos Anotan - No,
2424,1015,Sí,
2425,1015,No,
2426,1016,Local o Empate,
2427,1016,Visitante o Empate,
2428,1016,Local o Visitante,
2429,1017,Sí,
2430,1017,No,
2431,1018,Gana Local,104.0
2432,1018,Empate,
2433,1018,Gana Visitante,70.0
2434,1019,Sí,
2435,1019,No,
2436,1020,Local o Empate,
2437,1020,Visitante o Empate,
2438,1020,Local o Visitante,
2439,1021,Gana Local,104.0
2440,1021,Empate,
2441,1021,Gana Visitante,10.0
2442,1022,Sí,
2443,1022,No,
2444,1023,Ambos Anotan - Sí,
2445,1023,Ambos Anotan - No,
2446,1024,Local o Empate,
2447,1024,Visitante o Empate,
2448,1024,Local o Visitante,
2449,1025,Gana Local,7.0
2450,1025,Empate,
2451,1025,Gana Visitante,4.0
2452,1026,Ambos Anotan - Sí,
2453,1026,Ambos Anotan - No,
2454,1027,Sí,
2455,1027,No,
2456,1028,Local o Empate,
2457,1028,Visitante o Empate,
2458,1028,Local o Visitante,
2459,1029,Sí,
2460,1029,No,
2461,1030,Gana Local,50.0
2462,1030,Empate,
2463,1030,Gana Visitante,79.0
2464,1031,Gana Local,76.0
2465,1031,Empate,
2466,1031,Gana Visitante,118.0
2467,1032,Ambos Anotan - Sí,
2468,1032,Ambos Anotan - No,
2469,1033,Sí,
2470,1033,No,
2471,1034,Local o Empate,
2472,1034,Visitante o Empate,
2473,1034,Local o Visitante,
2474,1035,Ambos Anotan - Sí,
2475,1035,Ambos Anotan - No,
2476,1036,Gana Local,69.0
2477,1036,Empate,
2478,1036,Gana Visitante,94.0
2479,1037,Sí,
2480,1037,No,
2481,1038,Sí,
2482,1038,No,
2483,1039,Sí,
2484,1039,No,
2485,1040,Local o Empate,
2486,1040,Visitante o Empate,
2487,1040,Local o Visitante,
2488,1041,Gana Local,10.0
2489,1041,Empate,
2490,1041,Gana Visitante,82.0
2491,1042,Sí,
2492,1042,No,
2493,1043,Local o Empate,
2494,1043,Visitante o Empate,
2495,1043,Local o Visitante,
2496,1044,Sí,
2497,1044,No,
2498,1045,Local o Empate,
2499,1045,Visitante o Empate,
2500,1045,Local o Visitante,
2501,1046,Ambos Anotan - Sí,
2502,1046,Ambos Anotan - No,
2503,1047,Gana Local,88.0
2504,1047,Empate,
2505,1047,Gana Visitante,47.0
2506,1048,Ambos Anotan - Sí,
2507,1048,Ambos Anotan - No,
2508,1049,Sí,
2509,1049,No,
2510,1050,Ambos Anotan - Sí,
2511,1050,Ambos Anotan - No,
2512,1051,Sí,
2513,1051,No,
2514,1052,Gana Local,19.0
2515,1052,Empate,
2516,1052,Gana Visitante,76.0
2517,1053,Sí,
2518,1053,No,
2519,1054,Sí,
2520,1054,No,
2521,1055,Gana Local,56.0
2522,1055,Empate,
2523,1055,Gana Visitante,48.0
2524,1056,Ambos Anotan - Sí,
2525,1056,Ambos Anotan - No,
2526,1057,Sí,
2527,1057,No,
2528,1058,Gana Local,29.0
2529,1058,Empate,
2530,1058,Gana Visitante,40.0
2531,1059,Sí,
2532,1059,No,
2533,1060,Local o Empate,
2534,1060,Visitante o Empate,
2535,1060,Local o Visitante,
2536,1061,Sí,
2537,1061,No,
2538,1062,Sí,
2539,1062,No,
2540,1063,Sí,
2541,1063,No,
2542,1064,Local o Empate,
2543,1064,Visitante o Empate,
2544,1064,Local o Visitante,
2545,1065,Ambos Anotan - Sí,
2546,1065,Ambos Anotan - No,
2547,1066,Sí,
2548,1066,No,
2549,1067,Ambos Anotan - Sí,
2550,1067,Ambos Anotan - No,
2551,1068,Sí,
2552,1068,No,
2553,1069,Sí,
2554,1069,No,
2555,1070,Gana Local,27.0
2556,1070,Empate,
2557,1070,Gana Visitante,97.0
2558,1071,Local o Empate,
2559,1071,Visitante o Empate,
2560,1071,Local o Visitante,
2561,1072,Sí,
2562,1072,No,
2563,1073,Ambos Anotan - Sí,
2564,1073,Ambos Anotan - No,
2565,1074,Sí,
2566,1074,No,
2567,1075,Gana Local,104.0
2568,1075,Empate,
2569,1075,Gana Visitante,102.0
2570,1076,Sí,
2571,1076,No,
2572,1077,Sí,
2573,1077,No,
2574,1078,Sí,
2575,1078,No,
2576,1079,Gana Local,37.0
2577,1079,Empate,
2578,1079,Gana Visitante,12.0
2579,1080,Sí,
2580,1080,No,
2581,1081,Sí,
2582,1081,No,
2583,1082,Ambos Anotan - Sí,
2584,1082,Ambos Anotan - No,
2585,1083,Local o Empate,
2586,1083,Visitante o Empate,
2587,1083,Local o Visitante,
2588,1084,Gana Local,77.0
2589,1084,Empate,
2590,1084,Gana Visitante,115.0
2591,1085,Sí,
2592,1085,No,
2593,1086,Sí,
2594,1086,No,
2595,1087,Ambos Anotan - Sí,
2596,1087,Ambos Anotan - No,
2597,1088,Sí,
2598,1088,No,
2599,1089,Sí,
2600,1089,No,
2601,1090,Gana Local,10.0
2602,1090,Empate,
2603,1090,Gana Visitante,95.0
2604,1091,Sí,
2605,1091,No,
2606,1092,Local o Empate,
2607,1092,Visitante o Empate,
2608,1092,Local o Visitante,
2609,1093,Gana Local,94.0
2610,1093,Empate,
2611,1093,Gana Visitante,37.0
2612,1094,Sí,
2613,1094,No,
2614,1095,Ambos Anotan - Sí,
2615,1095,Ambos Anotan - No,
2616,1096,Gana Local,97.0
2617,1096,Empate,
2618,1096,Gana Visitante,53.0
2619,1097,Sí,
2620,1097,No,
2621,1098,Local o Empate,
2622,1098,Visitante o Empate,
2623,1098,Local o Visitante,
2624,1099,Gana Local,37.0
2625,1099,Empate,
2626,1099,Gana Visitante,7.0
2627,1100,Sí,
2628,1100,No,
2629,1101,Sí,
2630,1101,No,
2631,1102,Local o Empate,
2632,1102,Visitante o Empate,
2633,1102,Local o Visitante,
2634,1103,Ambos Anotan - Sí,
2635,1103,Ambos Anotan - No,
2636,1104,Sí,
2637,1104,No,
2638,1105,Local o Empate,
2639,1105,Visitante o Empate,
2640,1105,Local o Visitante,
2641,1106,Sí,
2642,1106,No,
2643,1107,Sí,
2644,1107,No,
2645,1108,Gana Local,7.0
2646,1108,Empate,
2647,1108,Gana Visitante,41.0
2648,1109,Ambos Anotan - Sí,
2649,1109,Ambos Anotan - No,
2650,1110,Sí,
2651,1110,No,
2652,1111,Sí,
2653,1111,No,
2654,1112,Gana Local,115.0
2655,1112,Empate,
2656,1112,Gana Visitante,46.0
2657,1113,Ambos Anotan - Sí,
2658,1113,Ambos Anotan - No,
2659,1114,Ambos Anotan - Sí,
2660,1114,Ambos Anotan - No,
2661,1115,Sí,
2662,1115,No,
2663,1116,Local o Empate,
2664,1116,Visitante o Empate,
2665,1116,Local o Visitante,
2666,1117,Sí,
2667,1117,No,
2668,1118,Sí,
2669,1118,No,
2670,1119,Sí,
2671,1119,No,
2672,1120,Sí,
2673,1120,No,
2674,1121,Sí,
2675,1121,No,
2676,1122,Local o Empate,
2677,1122,Visitante o Empate,
2678,1122,Local o Visitante,
2679,1123,Gana Local,85.0
2680,1123,Empate,
2681,1123,Gana Visitante,50.0
2682,1124,Ambos Anotan - Sí,
2683,1124,Ambos Anotan - No,
2684,1125,Sí,
2685,1125,No,
2686,1126,Gana Local,71.0
2687,1126,Empate,
2688,1126,Gana Visitante,22.0
2689,1127,Local o Empate,
2690,1127,Visitante o Empate,
2691,1127,Local o Visitante,
2692,1128,Ambos Anotan - Sí,
2693,1128,Ambos Anotan - No,
2694,1129,Sí,
2695,1129,No,
2696,1130,Ambos Anotan - Sí,
2697,1130,Ambos Anotan - No,
2698,1131,Local o Empate,
2699,1131,Visitante o Empate,
2700,1131,Local o Visitante,
2701,1132,Sí,
2702,1132,No,
2703,1133,Ambos Anotan - Sí,
2704,1133,Ambos Anotan - No,
2705,1134,Sí,
2706,1134,No,
2707,1135,Local o Empate,
2708,1135,Visitante o Empate,
2709,1135,Local o Visitante,
2710,1136,Gana Local,4.0
2711,1136,Empate,
2712,1136,Gana Visitante,7.0
2713,1137,Ambos Anotan - Sí,
2714,1137,Ambos Anotan - No,
2715,1138,Local o Empate,
2716,1138,Visitante o Empate,
2717,1138,Local o Visitante,
2718,1139,Sí,
2719,1139,No,
2720,1140,Ambos Anotan - Sí,
2721,1140,Ambos Anotan - No,
2722,1141,Sí,
2723,1141,No,
2724,1142,Sí,
2725,1142,No,
2726,1143,Sí,
2727,1143,No,
2728,1144,Local o Empate,
2729,1144,Visitante o Empate,
2730,1144,Local o Visitante,
2731,1145,Ambos Anotan - Sí,
2732,1145,Ambos Anotan - No,
2733,1146,Sí,
2734,1146,No,
2735,1147,Gana Local,49.0
2736,1147,Empate,
2737,1147,Gana Visitante,120.0
2738,1148,Ambos Anotan - Sí,
2739,1148,Ambos Anotan - No,
2740,1149,Sí,
2741,1149,No,
2742,1150,Sí,
2743,1150,No,
2744,1151,Local o Empate,
2745,1151,Visitante o Empate,
2746,1151,Local o Visitante,
2747,1152,Sí,
2748,1152,No,
2749,1153,Gana Local,76.0
2750,1153,Empate,
2751,1153,Gana Visitante,45.0
2752,1154,Sí,
2753,1154,No,
2754,1155,Sí,
2755,1155,No,
2756,1156,Ambos Anotan - Sí,
2757,1156,Ambos Anotan - No,
2758,1157,Gana Local,117.0
2759,1157,Empate,
2760,1157,Gana Visitante,35.0
2761,1158,Sí,
2762,1158,No,
2763,1159,Ambos Anotan - Sí,
2764,1159,Ambos Anotan - No,
2765,1160,Sí,
2766,1160,No,
2767,1161,Local o Empate,
2768,1161,Visitante o Empate,
2769,1161,Local o Visitante,
2770,1162,Ambos Anotan - Sí,
2771,1162,Ambos Anotan - No,
2772,1163,Sí,
2773,1163,No,
2774,1164,Sí,
2775,1164,No,
2776,1165,Gana Local,25.0
2777,1165,Empate,
2778,1165,Gana Visitante,27.0
2779,1166,Local o Empate,
2780,1166,Visitante o Empate,
2781,1166,Local o Visitante,
2782,1167,Sí,
2783,1167,No,
2784,1168,Sí,
2785,1168,No,
2786,1169,Sí,
2787,1169,No,
2788,1170,Gana Local,27.0
2789,1170,Empate,
2790,1170,Gana Visitante,18.0
2791,1171,Ambos Anotan - Sí,
2792,1171,Ambos Anotan - No,
2793,1172,Sí,
2794,1172,No,
2795,1173,Local o Empate,
2796,1173,Visitante o Empate,
2797,1173,Local o Visitante,
2798,1174,Gana Local,116.0
2799,1174,Empate,
2800,1174,Gana Visitante,45.0
2801,1175,Ambos Anotan - Sí,
2802,1175,Ambos Anotan - No,
2803,1176,Sí,
2804,1176,No,
2805,1177,Sí,
2806,1177,No,
2807,1178,Sí,
2808,1178,No,
2809,1179,Local o Empate,
2810,1179,Visitante o Empate,
2811,1179,Local o Visitante,
2812,1180,Gana Local,101.0
2813,1180,Empate,
2814,1180,Gana Visitante,43.0
2815,1181,Sí,
2816,1181,No,
2817,1182,Local o Empate,
2818,1182,Visitante o Empate,
2819,1182,Local o Visitante,
2820,1183,Gana Local,52.0
2821,1183,Empate,
2822,1183,Gana Visitante,37.0
2823,1184,Sí,
2824,1184,No,
2825,1185,Sí,
2826,1185,No,
2827,1186,Ambos Anotan - Sí,
2828,1186,Ambos Anotan - No,
2829,1187,Sí,
2830,1187,No,
2831,1188,Gana Local,76.0
2832,1188,Empate,
2833,1188,Gana Visitante,87.0
2834,1189,Local o Empate,
2835,1189,Visitante o Empate,
2836,1189,Local o Visitante,
2837,1190,Sí,
2838,1190,No,
2839,1191,Local o Empate,
2840,1191,Visitante o Empate,
2841,1191,Local o Visitante,
2842,1192,Gana Local,52.0
2843,1192,Empate,
2844,1192,Gana Visitante,110.0
2845,1193,Sí,
2846,1193,No,
2847,1194,Local o Empate,
2848,1194,Visitante o Empate,
2849,1194,Local o Visitante,
2850,1195,Sí,
2851,1195,No,
2852,1196,Ambos Anotan - Sí,
2853,1196,Ambos Anotan - No,
2854,1197,Gana Local,106.0
2855,1197,Empate,
2856,1197,Gana Visitante,11.0
2857,1198,Sí,
2858,1198,No,
2859,1199,Sí,
2860,1199,No,
2861,1200,Ambos Anotan - Sí,
2862,1200,Ambos Anotan - No,
2863,1201,Gana Local,34.0
2864,1201,Empate,
2865,1201,Gana Visitante,16.0
2866,1202,Sí,
2867,1202,No,
2868,1203,Ambos Anotan - Sí,
2869,1203,Ambos Anotan - No,
2870,1204,Ambos Anotan - Sí,
2871,1204,Ambos Anotan - No,
2872,1205,Sí,
2873,1205,No,
2874,1206,Gana Local,117.0
2875,1206,Empate,
2876,1206,Gana Visitante,97.0
2877,1207,Sí,
2878,1207,No,
2879,1208,Sí,
2880,1208,No,
2881,1209,Sí,
2882,1209,No,
2883,1210,Gana Local,49.0
2884,1210,Empate,
2885,1210,Gana Visitante,120.0
2886,1211,Sí,
2887,1211,No,
2888,1212,Local o Empate,
2889,1212,Visitante o Empate,
2890,1212,Local o Visitante,
2891,1213,Gana Local,96.0
2892,1213,Empate,
2893,1213,Gana Visitante,57.0
2894,1214,Ambos Anotan - Sí,
2895,1214,Ambos Anotan - No,
2896,1215,Sí,
2897,1215,No,
2898,1216,Local o Empate,
2899,1216,Visitante o Empate,
2900,1216,Local o Visitante,
2901,1217,Ambos Anotan - Sí,
2902,1217,Ambos Anotan - No,
2903,1218,Sí,
2904,1218,No,
2905,1219,Ambos Anotan - Sí,
2906,1219,Ambos Anotan - No,
2907,1220,Local o Empate,
2908,1220,Visitante o Empate,
2909,1220,Local o Visitante,
2910,1221,Sí,
2911,1221,No,
2912,1222,Sí,
2913,1222,No,
2914,1223,Gana Local,38.0
2915,1223,Empate,
2916,1223,Gana Visitante,76.0
2917,1224,Ambos Anotan - Sí,
2918,1224,Ambos Anotan - No,
2919,1225,Gana Local,7.0
2920,1225,Empate,
2921,1225,Gana Visitante,45.0
2922,1226,Sí,
2923,1226,No,
2924,1227,Gana Local,115.0
2925,1227,Empate,
2926,1227,Gana Visitante,4.0
2927,1228,Ambos Anotan - Sí,
2928,1228,Ambos Anotan - No,
2929,1229,Local o Empate,
2930,1229,Visitante o Empate,
2931,1229,Local o Visitante,
2932,1230,Local o Empate,
2933,1230,Visitante o Empate,
2934,1230,Local o Visitante,
2935,1231,Gana Local,79.0
2936,1231,Empate,
2937,1231,Gana Visitante,3.0
2938,1232,Gana Local,105.0
2939,1232,Empate,
2940,1232,Gana Visitante,40.0
2941,1233,Local o Empate,
2942,1233,Visitante o Empate,
2943,1233,Local o Visitante,
2944,1234,Sí,
2945,1234,No,
2946,1235,Ambos Anotan - Sí,
2947,1235,Ambos Anotan - No,
2948,1236,Ambos Anotan - Sí,
2949,1236,Ambos Anotan - No,
2950,1237,Sí,
2951,1237,No,
2952,1238,Local o Empate,
2953,1238,Visitante o Empate,
2954,1238,Local o Visitante,
2955,1239,Sí,
2956,1239,No,
2957,1240,Sí,
2958,1240,No,
2959,1241,Gana Local,94.0
2960,1241,Empate,
2961,1241,Gana Visitante,20.0
2962,1242,Local o Empate,
2963,1242,Visitante o Empate,
2964,1242,Local o Visitante,
2965,1243,Sí,
2966,1243,No,
2967,1244,Local o Empate,
2968,1244,Visitante o Empate,
2969,1244,Local o Visitante,
2970,1245,Sí,
2971,1245,No,
2972,1246,Gana Local,22.0
2973,1246,Empate,
2974,1246,Gana Visitante,34.0
2975,1247,Ambos Anotan - Sí,
2976,1247,Ambos Anotan - No,
2977,1248,Sí,
2978,1248,No,
2979,1249,Local o Empate,
2980,1249,Visitante o Empate,
2981,1249,Local o Visitante,
2982,1250,Gana Local,50.0
2983,1250,Empate,
2984,1250,Gana Visitante,58.0
2985,1251,Sí,
2986,1251,No,
2987,1252,Ambos Anotan - Sí,
2988,1252,Ambos Anotan - No,
2989,1253,Gana Local,7.0
2990,1253,Empate,
2991,1253,Gana Visitante,70.0
2992,1254,Local o Empate,
2993,1254,Visitante o Empate,
2994,1254,Local o Visitante,
2995,1255,Ambos Anotan - Sí,
2996,1255,Ambos Anotan - No,
2997,1256,Sí,
2998,1256,No,
2999,1257,Sí,
3000,1257,No,
3001,1258,Sí,
3002,1258,No,
3003,1259,Local o Empate,
3004,1259,Visitante o Empate,
3005,1259,Local o Visitante,
3006,1260,Ambos Anotan - Sí,
3007,1260,Ambos Anotan - No,
3008,1261,Gana Local,25.0
3009,1261,Empate,
3010,1261,Gana Visitante,63.0
3011,1262,Ambos Anotan - Sí,
3012,1262,Ambos Anotan - No,
3013,1263,Ambos Anotan - Sí,
3014,1263,Ambos Anotan - No,
3015,1264,Local o Empate,
3016,1264,Visitante o Empate,
3017,1264,Local o Visitante,
3018,1265,Sí,
3019,1265,No,
3020,1266,Sí,
3021,1266,No,
3022,1267,Ambos Anotan - Sí,
3023,1267,Ambos Anotan - No,
3024,1268,Local o Empate,
3025,1268,Visitante o Empate,
3026,1268,Local o Visitante,
3027,1269,Local o Empate,
3028,1269,Visitante o Empate,
3029,1269,Local o Visitante,
3030,1270,Ambos Anotan - Sí,
3031,1270,Ambos Anotan - No,
3032,1271,Gana Local,21.0
3033,1271,Empate,
3034,1271,Gana Visitante,86.0
3035,1272,Sí,
3036,1272,No,
3037,1273,Sí,
3038,1273,No,
3039,1274,Gana Local,105.0
3040,1274,Empate,
3041,1274,Gana Visitante,94.0
3042,1275,Local o Empate,
3043,1275,Visitante o Empate,
3044,1275,Local o Visitante,
3045,1276,Gana Local,22.0
3046,1276,Empate,
3047,1276,Gana Visitante,102.0
3048,1277,Sí,
3049,1277,No,
3050,1278,Local o Empate,
3051,1278,Visitante o Empate,
3052,1278,Local o Visitante,
3053,1279,Sí,
3054,1279,No,
3055,1280,Gana Local,104.0
3056,1280,Empate,
3057,1280,Gana Visitante,70.0
3058,1281,Sí,
3059,1281,No,
3060,1282,Ambos Anotan - Sí,
3061,1282,Ambos Anotan - No,
3062,1283,Local o Empate,
3063,1283,Visitante o Empate,
3064,1283,Local o Visitante,
3065,1284,Sí,
3066,1284,No,
3067,1285,Gana Local,47.0
3068,1285,Empate,
3069,1285,Gana Visitante,102.0
3070,1286,Ambos Anotan - Sí,
3071,1286,Ambos Anotan - No,
3072,1287,Sí,
3073,1287,No,
3074,1288,Sí,
3075,1288,No,
3076,1289,Ambos Anotan - Sí,
3077,1289,Ambos Anotan - No,
3078,1290,Local o Empate,
3079,1290,Visitante o Empate,
3080,1290,Local o Visitante,
3081,1291,Sí,
3082,1291,No,
3083,1292,Local o Empate,
3084,1292,Visitante o Empate,
3085,1292,Local o Visitante,
3086,1293,Ambos Anotan - Sí,
3087,1293,Ambos Anotan - No,
3088,1294,Sí,
3089,1294,No,
3090,1295,Local o Empate,
3091,1295,Visitante o Empate,
3092,1295,Local o Visitante,
3093,1296,Sí,
3094,1296,No,
3095,1297,Ambos Anotan - Sí,
3096,1297,Ambos Anotan - No,
3097,1298,Gana Local,113.0
3098,1298,Empate,
3099,1298,Gana Visitante,45.0
3100,1299,Gana Local,37.0
3101,1299,Empate,
3102,1299,Gana Visitante,65.0
3103,1300,Local o Empate,
3104,1300,Visitante o Empate,
3105,1300,Local o Visitante,
3106,1301,Sí,
3107,1301,No,
3108,1302,Sí,
3109,1302,No,
3110,1303,Sí,
3111,1303,No,
3112,1304,Ambos Anotan - Sí,
3113,1304,Ambos Anotan - No,
3114,1305,Local o Empate,
3115,1305,Visitante o Empate,
3116,1305,Local o Visitante,
3117,1306,Sí,
3118,1306,No,
3119,1307,Ambos Anotan - Sí,
3120,1307,Ambos Anotan - No,
3121,1308,Gana Local,50.0
3122,1308,Empate,
3123,1308,Gana Visitante,47.0
3124,1309,Sí,
3125,1309,No,
3126,1310,Gana Local,72.0
3127,1310,Empate,
3128,1310,Gana Visitante,85.0
3129,1311,Sí,
3130,1311,No,
3131,1312,Sí,
3132,1312,No,
3133,1313,Ambos Anotan - Sí,
3134,1313,Ambos Anotan - No,
3135,1314,Gana Local,53.0
3136,1314,Empate,
3137,1314,Gana Visitante,100.0
3138,1315,Ambos Anotan - Sí,
3139,1315,Ambos Anotan - No,
3140,1316,Sí,
3141,1316,No,
3142,1317,Sí,
3143,1317,No,
3144,1318,Local o Empate,
3145,1318,Visitante o Empate,
3146,1318,Local o Visitante,
3147,1319,Ambos Anotan - Sí,
3148,1319,Ambos Anotan - No,
3149,1320,Gana Local,7.0
3150,1320,Empate,
3151,1320,Gana Visitante,61.0
3152,1321,Sí,
3153,1321,No,
3154,1322,Sí,
3155,1322,No,
3156,1323,Ambos Anotan - Sí,
3157,1323,Ambos Anotan - No,
3158,1324,Local o Empate,
3159,1324,Visitante o Empate,
3160,1324,Local o Visitante,
3161,1325,Sí,
3162,1325,No,
3163,1326,Gana Local,23.0
3164,1326,Empate,
3165,1326,Gana Visitante,43.0
3166,1327,Local o Empate,
3167,1327,Visitante o Empate,
3168,1327,Local o Visitante,
3169,1328,Sí,
3170,1328,No,
3171,1329,Ambos Anotan - Sí,
3172,1329,Ambos Anotan - No,
3173,1330,Sí,
3174,1330,No,
3175,1331,Sí,
3176,1331,No,
3177,1332,Sí,
3178,1332,No,
3179,1333,Local o Empate,
3180,1333,Visitante o Empate,
3181,1333,Local o Visitante,
3182,1334,Gana Local,44.0
3183,1334,Empate,
3184,1334,Gana Visitante,27.0
3185,1335,Sí,
3186,1335,No,
3187,1336,Local o Empate,
3188,1336,Visitante o Empate,
3189,1336,Local o Visitante,
3190,1337,Ambos Anotan - Sí,
3191,1337,Ambos Anotan - No,
3192,1338,Gana Local,5.0
3193,1338,Empate,
3194,1338,Gana Visitante,71.0
3195,1339,Sí,
3196,1339,No,
3197,1340,Local o Empate,
3198,1340,Visitante o Empate,
3199,1340,Local o Visitante,
3200,1341,Sí,
3201,1341,No,
3202,1342,Sí,
3203,1342,No,
3204,1343,Sí,
3205,1343,No,
3206,1344,Gana Local,3.0
3207,1344,Empate,
3208,1344,Gana Visitante,12.0
3209,1345,Local o Empate,
3210,1345,Visitante o Empate,
3211,1345,Local o Visitante,
3212,1346,Sí,
3213,1346,No,
3214,1347,Sí,
3215,1347,No,
3216,1348,Local o Empate,
3217,1348,Visitante o Empate,
3218,1348,Local o Visitante,
3219,1349,Sí,
3220,1349,No,
3221,1350,Local o Empate,
3222,1350,Visitante o Empate,
3223,1350,Local o Visitante,
3224,1351,Sí,
3225,1351,No,
3226,1352,Ambos Anotan - Sí,
3227,1352,Ambos Anotan - No,
3228,1353,Gana Local,94.0
3229,1353,Empate,
3230,1353,Gana Visitante,38.0
3231,1354,Ambos Anotan - Sí,
3232,1354,Ambos Anotan - No,
3233,1355,Gana Local,47.0
3234,1355,Empate,
3235,1355,Gana Visitante,40.0
3236,1356,Sí,
3237,1356,No,
3238,1357,Sí,
3239,1357,No,
3240,1358,Gana Local,104.0
3241,1358,Empate,
3242,1358,Gana Visitante,76.0
3243,1359,Local o Empate,
3244,1359,Visitante o Empate,
3245,1359,Local o Visitante,
3246,1360,Sí,
3247,1360,No,
3248,1361,Gana Local,48.0
3249,1361,Empate,
3250,1361,Gana Visitante,98.0
3251,1362,Ambos Anotan - Sí,
3252,1362,Ambos Anotan - No,
3253,1363,Sí,
3254,1363,No,
3255,1364,Ambos Anotan - Sí,
3256,1364,Ambos Anotan - No,
3257,1365,Local o Empate,
3258,1365,Visitante o Empate,
3259,1365,Local o Visitante,
3260,1366,Sí,
3261,1366,No,
3262,1367,Gana Local,56.0
3263,1367,Empate,
3264,1367,Gana Visitante,108.0
3265,1368,Sí,
3266,1368,No,
3267,1369,Sí,
3268,1369,No,
3269,1370,Sí,
3270,1370,No,
3271,1371,Sí,
3272,1371,No,
3273,1372,Local o Empate,
3274,1372,Visitante o Empate,
3275,1372,Local o Visitante,
3276,1373,Ambos Anotan - Sí,
3277,1373,Ambos Anotan - No,
3278,1374,Gana Local,60.0
3279,1374,Empate,
3280,1374,Gana Visitante,7.0
3281,1375,Sí,
3282,1375,No,
3283,1376,Sí,
3284,1376,No,
3285,1377,Sí,
3286,1377,No,
3287,1378,Gana Local,43.0
3288,1378,Empate,
3289,1378,Gana Visitante,23.0
3290,1379,Local o Empate,
3291,1379,Visitante o Empate,
3292,1379,Local o Visitante,
3293,1380,Gana Local,44.0
3294,1380,Empate,
3295,1380,Gana Visitante,59.0
3296,1381,Local o Empate,
3297,1381,Visitante o Empate,
3298,1381,Local o Visitante,
3299,1382,Sí,
3300,1382,No,
3301,1383,Ambos Anotan - Sí,
3302,1383,Ambos Anotan - No,
3303,1384,Local o Empate,
3304,1384,Visitante o Empate,
3305,1384,Local o Visitante,
3306,1385,Gana Local,73.0
3307,1385,Empate,
3308,1385,Gana Visitante,7.0
3309,1386,Gana Local,61.0
3310,1386,Empate,
3311,1386,Gana Visitante,102.0
3312,1387,Sí,
3313,1387,No,
3314,1388,Sí,
3315,1388,No,
3316,1389,Ambos Anotan - Sí,
3317,1389,Ambos Anotan - No,
3318,1390,Ambos Anotan - Sí,
3319,1390,Ambos Anotan - No,
3320,1391,Local o Empate,
3321,1391,Visitante o Empate,
3322,1391,Local o Visitante,
3323,1392,Gana Local,92.0
3324,1392,Empate,
3325,1392,Gana Visitante,18.0
3326,1393,Sí,
3327,1393,No,
3328,1394,Sí,
3329,1394,No,
3330,1395,Ambos Anotan - Sí,
3331,1395,Ambos Anotan - No,
3332,1396,Local o Empate,
3333,1396,Visitante o Empate,
3334,1396,Local o Visitante,
3335,1397,Gana Local,7.0
3336,1397,Empate,
3337,1397,Gana Visitante,92.0
3338,1398,Sí,
3339,1398,No,
3340,1399,Ambos Anotan - Sí,
3341,1399,Ambos Anotan - No,
3342,1400,Sí,
3343,1400,No,
3344,1401,Sí,
3345,1401,No,
3346,1402,Ambos Anotan - Sí,
3347,1402,Ambos Anotan - No,
3348,1403,Ambos Anotan - Sí,
3349,1403,Ambos Anotan - No,
3350,1404,Sí,
3351,1404,No,
3352,1405,Local o Empate,
3353,1405,Visitante o Empate,
3354,1405,Local o Visitante,
3355,1406,Gana Local,76.0
3356,1406,Empate,
3357,1406,Gana Visitante,52.0
3358,1407,Sí,
3359,1407,No,
3360,1408,Ambos Anotan - Sí,
3361,1408,Ambos Anotan - No,
3362,1409,Local o Empate,
3363,1409,Visitante o Empate,
3364,1409,Local o Visitante,
3365,1410,Sí,
3366,1410,No,
3367,1411,Sí,
3368,1411,No,
3369,1412,Ambos Anotan - Sí,
3370,1412,Ambos Anotan - No,
3371,1413,Gana Local,22.0
3372,1413,Empate,
3373,1413,Gana Visitante,75.0
3374,1414,Local o Empate,
3375,1414,Visitante o Empate,
3376,1414,Local o Visitante,
3377,1415,Ambos Anotan - Sí,
3378,1415,Ambos Anotan - No,
3379,1416,Sí,
3380,1416,No,
3381,1417,Gana Local,53.0
3382,1417,Empate,
3383,1417,Gana Visitante,69.0
3384,1418,Sí,
3385,1418,No,
3386,1419,Ambos Anotan - Sí,
3387,1419,Ambos Anotan - No,
3388,1420,Sí,
3389,1420,No,
3390,1421,Gana Local,98.0
3391,1421,Empate,
3392,1421,Gana Visitante,59.0
3393,1422,Sí,
3394,1422,No,
3395,1423,Ambos Anotan - Sí,
3396,1423,Ambos Anotan - No,
3397,1424,Sí,
3398,1424,No,
3399,1425,Sí,
3400,1425,No,
3401,1426,Sí,
3402,1426,No,
3403,1427,Gana Local,84.0
3404,1427,Empate,
3405,1427,Gana Visitante,23.0
3406,1428,Local o Empate,
3407,1428,Visitante o Empate,
3408,1428,Local o Visitante,
3409,1429,Sí,
3410,1429,No,
3411,1430,Sí,
3412,1430,No,
3413,1431,Gana Local,104.0
3414,1431,Empate,
3415,1431,Gana Visitante,29.0
3416,1432,Sí,
3417,1432,No,
3418,1433,Local o Empate,
3419,1433,Visitante o Empate,
3420,1433,Local o Visitante,
3421,1434,Ambos Anotan - Sí,
3422,1434,Ambos Anotan - No,
3423,1435,Sí,
3424,1435,No,
3425,1436,Ambos Anotan - Sí,
3426,1436,Ambos Anotan - No,
3427,1437,Local o Empate,
3428,1437,Visitante o Empate,
3429,1437,Local o Visitante,
3430,1438,Sí,
3431,1438,No,
3432,1439,Gana Local,5.0
3433,1439,Empate,
3434,1439,Gana Visitante,40.0
3435,1440,Sí,
3436,1440,No,
3437,1441,Sí,
3438,1441,No,
3439,1442,Gana Local,92.0
3440,1442,Empate,
3441,1442,Gana Visitante,99.0
3442,1443,Ambos Anotan - Sí,
3443,1443,Ambos Anotan - No,
3444,1444,Sí,
3445,1444,No,
3446,1445,Local o Empate,
3447,1445,Visitante o Empate,
3448,1445,Local o Visitante,
3449,1446,Gana Local,88.0
3450,1446,Empate,
3451,1446,Gana Visitante,90.0
3452,1447,Sí,
3453,1447,No,
3454,1448,Ambos Anotan - Sí,
3455,1448,Ambos Anotan - No,
3456,1449,Gana Local,61.0
3457,1449,Empate,
3458,1449,Gana Visitante,59.0
3459,1450,Sí,
3460,1450,No,
3461,1451,Sí,
3462,1451,No,
3463,1452,Ambos Anotan - Sí,
3464,1452,Ambos Anotan - No,
3465,1453,Local o Empate,
3466,1453,Visitante o Empate,
3467,1453,Local o Visitante,
3468,1454,Sí,
3469,1454,No,
3470,1455,Ambos Anotan - Sí,
3471,1455,Ambos Anotan - No,
3472,1456,Gana Local,20.0
3473,1456,Empate,
3474,1456,Gana Visitante,88.0
3475,1457,Sí,
3476,1457,No,
3477,1458,Ambos Anotan - Sí,
3478,1458,Ambos Anotan - No,
3479,1459,Sí,
3480,1459,No,
3481,1460,Gana Local,27.0
3482,1460,Empate,
3483,1460,Gana Visitante,8.0
3484,1461,Sí,
3485,1461,No,
3486,1462,Sí,
3487,1462,No,
3488,1463,Local o Empate,
3489,1463,Visitante o Empate,
3490,1463,Local o Visitante,
3491,1464,Gana Local,47.0
3492,1464,Empate,
3493,1464,Gana Visitante,5.0
3494,1465,Sí,
3495,1465,No,
3496,1466,Local o Empate,
3497,1466,Visitante o Empate,
3498,1466,Local o Visitante,
3499,1467,Ambos Anotan - Sí,
3500,1467,Ambos Anotan - No,
3501,1468,Gana Local,23.0
3502,1468,Empate,
3503,1468,Gana Visitante,98.0
3504,1469,Sí,
3505,1469,No,
3506,1470,Ambos Anotan - Sí,
3507,1470,Ambos Anotan - No,
3508,1471,Sí,
3509,1471,No,
3510,1472,Gana Local,4.0
3511,1472,Empate,
3512,1472,Gana Visitante,115.0
3513,1473,Sí,
3514,1473,No,
3515,1474,Gana Local,22.0
3516,1474,Empate,
3517,1474,Gana Visitante,118.0
3518,1475,Sí,
3519,1475,No,
3520,1476,Sí,
3521,1476,No,
3522,1477,Ambos Anotan - Sí,
3523,1477,Ambos Anotan - No,
3524,1478,Local o Empate,
3525,1478,Visitante o Empate,
3526,1478,Local o Visitante,
3527,1479,Gana Local,76.0
3528,1479,Empate,
3529,1479,Gana Visitante,7.0
3530,1480,Sí,
3531,1480,No,
3532,1481,Ambos Anotan - Sí,
3533,1481,Ambos Anotan - No,
3534,1482,Local o Empate,
3535,1482,Visitante o Empate,
3536,1482,Local o Visitante,
3537,1483,Sí,
3538,1483,No,
3539,1484,Ambos Anotan - Sí,
3540,1484,Ambos Anotan - No,
3541,1485,Local o Empate,
3542,1485,Visitante o Empate,
3543,1485,Local o Visitante,
3544,1486,Sí,
3545,1486,No,
3546,1487,Sí,
3547,1487,No,
