id_event,id_league,id_home_team,id_away_team,event_date,status,home_score,away_score,winner
1,18,120,119,2026-09-27 08:42:15,Scheduled,,,
2,13,77,36,2026-10-07 07:20:17,Live,3.0,3.0,
3,16,107,24,2026-09-28 11:23:19,Scheduled,,,
4,12,1,87,2026-09-16 10:02:19,Cancelled,,,
5,3,59,80,2026-09-25 05:10:40,Scheduled,,,
6,10,88,12,2026-10-03 16:14:27,Finished,2.0,0.0,Home
7,9,24,50,2026-09-28 13:29:17,Finished,4.0,3.0,Home
8,3,115,98,2026-10-03 08:29:14,Scheduled,,,
9,18,119,63,2026-09-29 01:33:52,Finished,2.0,5.0,Away
10,12,50,85,2026-10-24 01:50:17,Finished,2.0,3.0,Away
11,3,47,43,2026-10-12 14:31:20,Finished,2.0,2.0,Draw
12,11,85,99,2026-10-14 23:08:45,Cancelled,,,
13,8,56,82,2026-10-18 12:43:46,Scheduled,,,
14,7,69,102,2026-10-21 18:38:25,Finished,3.0,5.0,Away
15,19,18,117,2026-09-01 20:03:29,Live,2.0,2.0,
16,10,12,88,2026-09-29 21:45:50,Scheduled,,,
17,17,115,48,2026-09-29 00:47:21,Finished,3.0,4.0,Away
18,8,113,73,2026-10-04 17:28:08,Finished,2.0,1.0,Home
19,10,26,8,2026-10-15 07:57:51,Scheduled,,,
20,16,115,105,2026-10-05 18:36:07,Finished,0.0,2.0,Away
21,13,115,7,2026-09-01 05:07:36,Scheduled,,,
22,12,1,7,2026-09-09 09:52:34,Finished,4.0,5.0,Away
23,3,23,80,2026-10-02 09:14:28,Finished,0.0,4.0,Away
24,9,56,58,2026-09-21 14:55:53,Finished,5.0,3.0,Home
25,15,35,116,2026-10-06 12:28:51,Finished,0.0,5.0,Away
26,11,60,21,2026-10-06 00:09:27,Finished,2.0,3.0,Away
27,12,85,50,2026-09-24 09:06:34,Finished,5.0,2.0,Home
28,8,61,102,2026-09-01 09:21:44,Scheduled,,,
29,17,48,12,2026-09-20 15:24:07,Finished,5.0,0.0,Home
30,18,63,102,2026-10-12 03:40:16,Finished,4.0,0.0,Home
31,18,76,32,2026-09-23 16:40:42,Cancelled,,,
32,14,61,110,2026-09-22 06:18:17,Live,1.0,2.0,
33,12,72,87,2026-09-22 10:24:22,Finished,5.0,0.0,Home
34,10,5,19,2026-09-15 08:56:15,Live,0.0,1.0,
35,13,95,115,2026-10-08 02:59:13,Finished,2.0,5.0,Away
36,3,84,115,2026-09-21 10:52:58,Finished,3.0,0.0,Home
37,14,52,63,2026-09-11 18:41:45,Scheduled,,,
38,15,45,82,2026-09-03 12:36:20,Finished,3.0,3.0,Draw
39,5,8,75,2026-10-14 23:36:22,Finished,3.0,3.0,Draw
40,14,41,12,2026-09-16 12:46:22,Cancelled,,,
41,12,72,50,2026-10-20 04:21:27,Finished,0.0,4.0,Away
42,4,105,80,2026-09-13 06:49:58,Finished,0.0,1.0,Away
43,13,104,115,2026-09-12 01:21:44,Scheduled,,,
44,7,5,10,2026-10-18 18:08:22,Scheduled,,,
45,17,50,76,2026-10-01 17:38:26,Finished,5.0,3.0,Home
46,13,7,79,2026-09-07 15:40:26,Finished,4.0,5.0,Away
47,11,79,50,2026-09-20 20:57:48,Scheduled,,,
48,1,57,67,2026-10-26 14:55:56,Live,0.0,3.0,
49,1,20,58,2026-09-20 06:32:45,Finished,1.0,3.0,Away
50,9,69,9,2026-09-15 05:16:59,Scheduled,,,
51,7,10,53,2026-10-26 19:52:38,Finished,3.0,3.0,Draw
52,8,83,64,2026-09-26 00:36:13,Live,3.0,2.0,
53,20,57,29,2026-10-23 16:24:03,Finished,3.0,0.0,Home
54,4,109,4,2026-09-26 13:15:56,Scheduled,,,
55,9,58,49,2026-10-27 00:10:00,Finished,1.0,3.0,Away
56,12,61,7,2026-10-08 02:45:18,Scheduled,,,
57,20,59,25,2026-10-12 18:17:31,Finished,0.0,4.0,Away
58,18,18,119,2026-10-25 12:12:06,Finished,5.0,3.0,Home
59,3,46,101,2026-10-22 08:29:51,Finished,5.0,0.0,Home
60,14,110,37,2026-10-26 05:41:35,Finished,1.0,3.0,Away
61,3,43,101,2026-09-11 21:32:30,Finished,3.0,4.0,Away
62,13,115,36,2026-10-26 23:45:32,Finished,2.0,2.0,Draw
63,15,114,113,2026-10-27 23:42:49,Finished,4.0,1.0,Home
64,3,101,43,2026-10-16 14:30:41,Finished,5.0,3.0,Home
65,1,2,15,2026-09-25 12:40:17,Scheduled,,,
66,12,59,87,2026-10-21 06:00:03,Finished,2.0,0.0,Home
67,10,54,88,2026-09-09 06:50:10,Finished,4.0,1.0,Home
68,2,50,19,2026-09-21 04:23:41,Finished,1.0,3.0,Away
69,5,22,71,2026-09-06 12:50:22,Finished,4.0,2.0,Home
70,15,51,114,2026-09-27 14:06:58,Live,0.0,3.0,
71,2,36,18,2026-09-15 11:51:57,Live,3.0,1.0,
72,17,50,12,2026-09-22 10:39:12,Finished,4.0,2.0,Home
73,17,38,76,2026-09-15 07:59:02,Scheduled,,,
74,20,6,96,2026-09-09 15:35:03,Scheduled,,,
75,18,92,73,2026-09-18 08:01:47,Finished,5.0,3.0,Home
76,8,91,73,2026-09-24 11:53:45,Finished,5.0,1.0,Home
77,8,56,113,2026-09-20 17:57:33,Live,2.0,2.0,
78,17,115,12,2026-10-20 06:15:30,Finished,1.0,3.0,Away
79,10,5,12,2026-09-11 00:45:35,Finished,2.0,0.0,Home
80,12,1,50,2026-09-27 15:42:12,Scheduled,,,
81,18,22,52,2026-09-17 23:00:53,Finished,1.0,1.0,Draw
82,12,61,7,2026-10-18 03:06:11,Cancelled,,,
83,10,40,19,2026-10-13 14:46:02,Finished,0.0,1.0,Away
84,20,29,57,2026-09-26 07:03:59,Finished,2.0,1.0,Home
85,10,27,40,2026-10-26 14:32:00,Finished,0.0,1.0,Away
86,11,65,50,2026-09-16 23:56:31,Scheduled,,,
87,3,112,100,2026-09-22 23:23:14,Scheduled,,,
88,16,40,44,2026-09-05 09:57:35,Live,3.0,2.0,
89,1,67,50,2026-09-20 19:16:52,Live,0.0,0.0,
90,20,27,104,2026-09-21 04:34:47,Finished,3.0,2.0,Home
91,17,39,98,2026-09-24 16:22:03,Scheduled,,,
92,17,10,76,2026-09-14 10:58:52,Finished,2.0,4.0,Away
93,13,77,44,2026-10-12 17:36:12,Live,3.0,3.0,
94,7,47,69,2026-10-07 07:55:52,Finished,0.0,3.0,Away
95,1,20,3,2026-10-11 20:13:49,Scheduled,,,
96,8,52,56,2026-10-02 09:57:29,Scheduled,,,
97,11,79,86,2026-09-23 16:53:15,Finished,1.0,0.0,Home
98,8,113,61,2026-09-20 15:17:10,Scheduled,,,
99,2,50,87,2026-10-28 09:11:11,Live,1.0,2.0,
100,2,19,7,2026-09-30 03:35:29,Scheduled,,,
101,11,37,92,2026-09-30 15:07:57,Finished,5.0,4.0,Home
102,20,96,83,2026-09-11 11:47:14,Live,0.0,1.0,
103,18,92,73,2026-10-12 04:50:12,Scheduled,,,
104,10,40,110,2026-10-15 19:49:46,Finished,5.0,0.0,Home
105,2,45,50,2026-09-28 15:54:44,Finished,2.0,4.0,Away
106,11,21,7,2026-08-30 23:19:04,Scheduled,,,
107,7,102,53,2026-10-07 20:06:09,Finished,5.0,2.0,Home
108,11,7,21,2026-08-30 14:32:02,Finished,4.0,5.0,Away
109,16,105,29,2026-10-07 06:40:29,Finished,2.0,5.0,Away
110,16,108,44,2026-10-05 09:53:04,Finished,1.0,4.0,Away
111,13,4,7,2026-10-10 09:19:38,Finished,2.0,0.0,Home
112,17,56,10,2026-09-28 08:09:20,Finished,2.0,5.0,Away
113,17,12,39,2026-10-08 09:51:34,Finished,4.0,0.0,Home
114,15,35,87,2026-10-26 13:12:15,Scheduled,,,
115,12,72,50,2026-09-18 10:23:16,Cancelled,,,
116,12,59,85,2026-10-12 23:43:36,Finished,4.0,1.0,Home
117,3,59,23,2026-09-05 10:50:39,Finished,4.0,5.0,Away
118,7,35,10,2026-10-11 01:19:46,Finished,2.0,0.0,Home
119,20,83,63,2026-10-19 02:54:11,Scheduled,,,
120,20,59,25,2026-10-26 11:40:47,Scheduled,,,
121,15,113,114,2026-10-25 09:31:29,Finished,4.0,4.0,Draw
122,16,40,94,2026-10-25 01:04:31,Scheduled,,,
123,5,79,75,2026-09-03 07:30:35,Finished,3.0,0.0,Home
124,4,69,94,2026-09-14 22:29:20,Finished,0.0,0.0,Draw
125,11,3,99,2026-09-15 10:31:24,Finished,0.0,1.0,Away
126,18,52,18,2026-09-05 18:46:51,Finished,0.0,1.0,Away
127,3,43,59,2026-09-27 02:59:41,Scheduled,,,
128,10,47,40,2026-10-19 23:58:22,Cancelled,,,
129,18,22,76,2026-10-13 07:31:08,Finished,4.0,2.0,Home
130,10,26,47,2026-10-13 15:49:13,Scheduled,,,
131,20,6,96,2026-09-09 13:43:45,Finished,1.0,3.0,Away
132,3,47,46,2026-10-08 15:54:19,Cancelled,,,
133,19,51,7,2026-10-16 00:27:05,Scheduled,,,
134,18,73,22,2026-09-05 01:47:37,Scheduled,,,
135,17,39,48,2026-09-07 04:31:11,Finished,4.0,4.0,Draw
136,1,88,20,2026-09-12 23:22:39,Finished,2.0,5.0,Away
137,10,8,54,2026-09-13 16:45:19,Live,0.0,2.0,
138,12,41,61,2026-09-07 07:45:38,Finished,4.0,0.0,Home
139,17,50,48,2026-09-02 16:08:14,Scheduled,,,
140,12,87,1,2026-09-15 02:53:48,Finished,0.0,0.0,Draw
141,1,67,20,2026-10-14 16:34:53,Finished,1.0,0.0,Home
142,19,49,93,2026-10-14 11:04:07,Finished,5.0,2.0,Home
143,3,23,84,2026-09-03 12:18:06,Finished,2.0,4.0,Away
144,1,20,12,2026-10-23 00:09:39,Finished,2.0,2.0,Draw
145,4,4,80,2026-09-12 00:24:38,Scheduled,,,
146,6,76,69,2026-10-15 20:54:10,Finished,5.0,4.0,Home
147,10,12,54,2026-10-19 03:22:14,Scheduled,,,
148,4,105,90,2026-09-30 02:58:22,Scheduled,,,
149,15,51,5,2026-10-13 08:05:10,Finished,4.0,0.0,Home
150,20,104,27,2026-09-22 20:28:49,Finished,4.0,5.0,Away
151,6,88,14,2026-10-22 19:20:50,Finished,5.0,0.0,Home
152,16,94,44,2026-10-24 10:21:06,Live,2.0,0.0,
153,14,52,12,2026-09-22 04:06:09,Scheduled,,,
154,3,59,47,2026-09-14 08:52:07,Scheduled,,,
155,14,3,110,2026-09-06 16:59:59,Cancelled,,,
156,3,97,80,2026-09-19 10:52:24,Scheduled,,,
157,1,88,67,2026-09-27 01:55:25,Scheduled,,,
158,11,86,21,2026-09-14 12:10:27,Finished,5.0,5.0,Draw
159,9,24,74,2026-09-30 00:58:44,Finished,2.0,0.0,Home
160,10,110,12,2026-09-26 04:54:41,Scheduled,,,
161,1,15,6,2026-10-04 05:10:54,Scheduled,,,
162,6,11,43,2026-09-22 19:50:42,Finished,1.0,2.0,Away
163,14,114,61,2026-10-21 18:56:15,Scheduled,,,
164,2,18,26,2026-10-06 04:17:11,Finished,3.0,1.0,Home
165,15,51,5,2026-09-23 15:21:19,Finished,2.0,5.0,Away
166,13,79,7,2026-09-24 09:58:38,Scheduled,,,
167,1,12,15,2026-10-26 04:01:16,Finished,3.0,4.0,Away
168,16,40,108,2026-09-29 22:24:21,Finished,1.0,4.0,Away
169,6,14,3,2026-10-22 11:07:59,Finished,4.0,4.0,Draw
170,9,57,50,2026-09-15 00:00:19,Finished,1.0,3.0,Away
171,1,6,50,2026-10-24 16:57:24,Finished,0.0,5.0,Away
172,10,26,5,2026-09-12 05:53:13,Live,1.0,2.0,
173,18,73,63,2026-09-26 15:18:02,Finished,4.0,2.0,Home
174,13,44,79,2026-09-26 12:40:55,Finished,5.0,0.0,Home
175,3,23,112,2026-10-04 15:43:08,Finished,2.0,2.0,Draw
176,2,45,104,2026-10-24 06:17:26,Finished,2.0,3.0,Away
177,18,22,76,2026-09-22 11:21:39,Finished,0.0,4.0,Away
178,15,5,51,2026-10-06 23:38:53,Scheduled,,,
179,12,7,61,2026-10-04 07:05:44,Scheduled,,,
180,2,104,36,2026-09-25 22:13:55,Finished,1.0,4.0,Away
181,3,101,47,2026-09-26 12:22:02,Cancelled,,,
182,10,19,40,2026-09-22 09:57:19,Live,0.0,1.0,
183,12,50,1,2026-10-01 20:22:14,Scheduled,,,
184,3,97,101,2026-09-18 11:56:35,Finished,2.0,5.0,Away
185,14,63,110,2026-09-08 16:59:12,Finished,3.0,4.0,Away
186,18,22,18,2026-10-18 13:52:14,Scheduled,,,
187,3,23,97,2026-10-15 15:10:53,Scheduled,,,
188,17,39,50,2026-09-30 03:29:51,Finished,2.0,4.0,Away
189,7,53,104,2026-09-13 01:00:01,Live,1.0,1.0,
190,9,59,103,2026-09-27 13:02:40,Finished,5.0,4.0,Home
191,10,5,27,2026-10-03 21:55:31,Finished,2.0,1.0,Home
192,3,84,100,2026-08-29 18:00:29,Finished,1.0,5.0,Away
193,14,60,1,2026-09-23 16:49:04,Scheduled,,,
194,17,56,44,2026-09-15 09:41:59,Finished,0.0,3.0,Away
195,16,37,105,2026-09-15 17:50:42,Live,1.0,1.0,
196,10,12,47,2026-09-10 14:14:42,Scheduled,,,
197,12,61,47,2026-09-25 23:57:49,Scheduled,,,
198,11,79,92,2026-08-30 15:44:53,Finished,2.0,5.0,Away
199,14,42,110,2026-10-04 16:21:08,Live,2.0,3.0,
200,8,82,64,2026-10-24 15:29:13,Finished,3.0,0.0,Home
201,6,102,43,2026-10-07 10:12:44,Scheduled,,,
202,12,47,72,2026-10-01 07:41:12,Finished,0.0,0.0,Draw
203,18,7,63,2026-09-11 12:00:03,Finished,2.0,5.0,Away
204,3,47,23,2026-10-04 16:40:59,Scheduled,,,
205,3,80,98,2026-09-06 21:50:59,Scheduled,,,
206,11,92,60,2026-09-16 02:57:40,Live,0.0,1.0,
207,2,19,38,2026-09-18 23:54:45,Finished,4.0,1.0,Home
208,7,53,35,2026-09-30 23:48:01,Finished,2.0,2.0,Draw
209,16,29,37,2026-10-27 23:37:10,Scheduled,,,
210,6,69,88,2026-10-16 16:16:06,Scheduled,,,
211,17,50,44,2026-10-10 15:20:13,Finished,2.0,5.0,Away
212,2,18,19,2026-09-30 21:56:32,Scheduled,,,
213,5,118,75,2026-10-25 00:44:33,Live,0.0,1.0,
214,14,42,1,2026-09-05 15:11:32,Scheduled,,,
215,19,95,97,2026-10-09 21:15:44,Finished,5.0,1.0,Home
216,8,52,10,2026-10-12 18:00:27,Scheduled,,,
217,9,57,120,2026-09-04 23:32:54,Scheduled,,,
218,6,8,118,2026-09-24 16:32:45,Finished,3.0,4.0,Away
219,11,99,7,2026-09-03 01:21:46,Finished,4.0,0.0,Home
220,14,114,12,2026-10-20 17:57:26,Scheduled,,,
221,3,23,47,2026-09-08 14:19:55,Finished,4.0,5.0,Away
222,1,12,20,2026-10-24 14:47:55,Scheduled,,,
223,2,36,19,2026-09-16 13:59:51,Finished,1.0,4.0,Away
224,8,78,56,2026-09-08 16:08:18,Live,3.0,3.0,
225,2,7,76,2026-09-23 02:16:54,Finished,0.0,1.0,Away
226,6,14,88,2026-09-09 21:15:54,Finished,1.0,3.0,Away
227,20,63,59,2026-09-29 10:07:52,Finished,1.0,0.0,Home
228,12,1,87,2026-10-28 03:46:19,Scheduled,,,
229,13,4,115,2026-10-21 20:40:11,Scheduled,,,
230,20,29,25,2026-10-11 03:20:38,Scheduled,,,
231,14,41,37,2026-10-12 15:30:56,Finished,3.0,2.0,Home
232,15,45,82,2026-10-10 21:00:25,Cancelled,,,
233,5,118,8,2026-09-22 06:12:10,Finished,4.0,5.0,Away
234,13,70,79,2026-09-11 02:26:49,Scheduled,,,
235,9,56,106,2026-10-12 01:08:48,Finished,3.0,2.0,Home
236,20,25,44,2026-09-26 00:40:52,Scheduled,,,
237,3,27,47,2026-10-03 03:41:14,Finished,0.0,4.0,Away
238,7,13,10,2026-10-19 19:25:27,Finished,3.0,1.0,Home
239,8,73,83,2026-10-11 19:53:53,Finished,5.0,3.0,Home
240,16,24,108,2026-10-23 06:36:11,Finished,1.0,4.0,Away
241,4,4,94,2026-09-11 22:41:30,Scheduled,,,
242,1,15,6,2026-09-25 00:04:20,Scheduled,,,
243,7,47,35,2026-09-25 12:10:41,Finished,1.0,0.0,Home
244,7,104,36,2026-10-25 09:16:17,Finished,1.0,2.0,Away
245,5,34,118,2026-10-15 01:46:55,Scheduled,,,
246,8,78,64,2026-10-19 09:48:02,Scheduled,,,
247,12,85,7,2026-10-25 06:27:20,Scheduled,,,
248,19,47,117,2026-09-04 23:16:49,Finished,2.0,5.0,Away
249,4,69,94,2026-09-18 14:10:10,Finished,1.0,0.0,Home
250,19,51,117,2026-10-24 00:20:17,Scheduled,,,
251,17,95,39,2026-09-03 06:44:58,Finished,2.0,5.0,Away
252,8,87,52,2026-10-28 08:43:44,Scheduled,,,
253,10,19,2,2026-08-31 17:38:21,Finished,0.0,3.0,Away
254,8,77,108,2026-09-19 15:18:33,Finished,2.0,1.0,Home
255,1,3,57,2026-09-22 07:21:09,Cancelled,,,
256,19,95,99,2026-10-16 20:37:07,Finished,2.0,3.0,Away
257,18,119,73,2026-10-27 11:18:08,Live,1.0,0.0,
258,15,116,45,2026-09-09 16:28:43,Scheduled,,,
259,10,88,2,2026-09-19 04:04:49,Cancelled,,,
260,9,49,120,2026-09-12 08:52:37,Finished,2.0,3.0,Away
261,20,44,27,2026-09-22 13:48:11,Finished,0.0,3.0,Away
262,18,92,52,2026-10-21 07:49:48,Finished,1.0,0.0,Home
263,6,76,102,2026-09-13 07:26:08,Finished,0.0,0.0,Draw
264,18,119,76,2026-10-21 04:03:43,Scheduled,,,
265,3,23,27,2026-09-28 02:22:12,Finished,2.0,5.0,Away
266,17,39,95,2026-10-05 18:10:26,Scheduled,,,
267,11,21,79,2026-09-04 01:53:00,Scheduled,,,
268,3,23,46,2026-09-29 15:52:16,Finished,5.0,0.0,Home
269,15,51,114,2026-09-23 01:25:01,Scheduled,,,
270,15,67,45,2026-09-13 06:00:11,Scheduled,,,
271,14,41,60,2026-08-30 02:51:48,Scheduled,,,
272,2,76,7,2026-10-27 04:50:34,Finished,5.0,2.0,Home
273,9,56,103,2026-10-23 17:15:18,Finished,4.0,0.0,Home
274,7,36,13,2026-10-20 19:38:58,Finished,2.0,2.0,Draw
275,20,29,63,2026-10-18 13:34:17,Live,3.0,1.0,
276,9,49,120,2026-09-20 15:00:54,Finished,4.0,5.0,Away
277,11,7,37,2026-10-28 04:06:37,Scheduled,,,
278,10,19,5,2026-09-13 08:22:24,Finished,0.0,4.0,Away
279,10,12,2,2026-10-19 19:07:30,Finished,3.0,3.0,Draw
280,7,53,69,2026-09-10 11:07:39,Finished,3.0,5.0,Away
281,9,9,120,2026-08-31 19:28:49,Finished,5.0,5.0,Draw
282,13,4,77,2026-10-16 08:35:53,Live,1.0,2.0,
283,10,19,2,2026-10-11 21:39:11,Scheduled,,,
284,2,50,87,2026-09-05 01:52:30,Finished,3.0,4.0,Away
285,17,98,50,2026-09-23 14:27:09,Scheduled,,,
286,17,12,56,2026-09-02 08:16:28,Live,3.0,0.0,
287,10,40,110,2026-10-16 09:36:13,Scheduled,,,
288,11,60,50,2026-09-02 12:01:04,Finished,3.0,3.0,Draw
289,18,32,22,2026-09-12 12:53:27,Finished,0.0,5.0,Away
290,8,82,113,2026-08-31 08:42:22,Scheduled,,,
291,6,8,14,2026-10-25 18:19:01,Live,3.0,2.0,
292,1,67,3,2026-09-19 23:26:17,Finished,4.0,0.0,Home
293,7,69,47,2026-09-29 02:12:53,Finished,1.0,5.0,Away
294,16,108,107,2026-09-23 01:26:32,Finished,1.0,2.0,Away
295,18,18,102,2026-10-17 03:15:24,Finished,5.0,4.0,Home
296,15,20,82,2026-10-28 07:56:49,Finished,0.0,5.0,Away
297,6,11,8,2026-10-09 18:47:00,Finished,4.0,0.0,Home
298,6,19,69,2026-10-01 13:08:35,Finished,4.0,2.0,Home
299,19,35,98,2026-09-16 16:17:10,Finished,0.0,5.0,Away
300,11,21,86,2026-10-19 11:36:00,Finished,3.0,2.0,Home
301,19,49,18,2026-09-30 19:31:57,Finished,5.0,1.0,Home
302,4,94,69,2026-09-28 23:16:29,Finished,3.0,5.0,Away
303,3,80,98,2026-09-29 04:16:06,Scheduled,,,
304,11,7,60,2026-10-24 19:38:10,Finished,1.0,5.0,Away
305,2,19,18,2026-09-19 07:10:03,Finished,2.0,2.0,Draw
306,11,86,21,2026-10-22 08:41:14,Finished,5.0,5.0,Draw
307,18,52,32,2026-09-04 17:17:48,Scheduled,,,
308,14,60,42,2026-09-08 03:41:59,Scheduled,,,
309,10,54,5,2026-10-27 21:45:00,Finished,2.0,1.0,Home
310,6,106,88,2026-09-02 15:38:47,Finished,4.0,5.0,Away
311,5,118,71,2026-09-22 04:27:50,Finished,0.0,0.0,Draw
312,16,44,37,2026-09-04 23:21:49,Live,1.0,0.0,
313,17,115,95,2026-09-28 23:57:44,Finished,1.0,3.0,Away
314,17,44,56,2026-10-15 13:31:39,Finished,5.0,4.0,Home
315,20,59,83,2026-09-26 12:26:13,Scheduled,,,
316,3,100,115,2026-09-03 19:06:44,Scheduled,,,
317,18,22,92,2026-10-17 11:59:31,Finished,0.0,4.0,Away
318,15,113,45,2026-09-10 08:45:12,Scheduled,,,
319,15,51,35,2026-09-15 21:21:48,Scheduled,,,
320,13,77,118,2026-09-02 08:43:06,Finished,2.0,5.0,Away
321,11,21,79,2026-09-17 11:15:23,Finished,4.0,1.0,Home
322,13,77,118,2026-10-27 19:49:17,Scheduled,,,
323,6,43,106,2026-10-17 13:49:15,Finished,3.0,0.0,Home
324,2,104,45,2026-10-26 02:32:24,Finished,1.0,5.0,Away
325,5,83,16,2026-09-27 22:27:23,Finished,0.0,4.0,Away
326,19,7,97,2026-10-23 14:58:42,Finished,1.0,4.0,Away
327,14,41,110,2026-09-09 04:10:02,Finished,0.0,1.0,Away
328,2,36,87,2026-09-21 23:59:46,Finished,3.0,2.0,Home
329,5,8,5,2026-10-25 15:28:47,Finished,0.0,0.0,Draw
330,13,70,104,2026-10-21 16:10:30,Cancelled,,,
331,17,56,10,2026-10-08 04:34:13,Finished,4.0,4.0,Draw
332,3,84,27,2026-10-20 23:53:07,Finished,2.0,1.0,Home
333,14,37,114,2026-09-02 00:52:47,Finished,4.0,3.0,Home
334,1,67,88,2026-09-01 18:06:47,Scheduled,,,
335,11,65,85,2026-10-07 11:43:44,Finished,2.0,0.0,Home
336,11,79,99,2026-09-23 03:17:45,Scheduled,,,
337,11,7,60,2026-10-19 15:02:16,Finished,1.0,1.0,Draw
338,17,76,115,2026-09-08 10:16:23,Scheduled,,,
339,20,27,59,2026-08-31 06:14:55,Finished,0.0,2.0,Away
340,14,114,61,2026-09-26 06:20:43,Finished,5.0,0.0,Home
341,4,109,105,2026-09-03 00:50:44,Scheduled,,,
342,11,60,65,2026-10-20 20:43:55,Scheduled,,,
343,4,105,78,2026-10-25 19:38:13,Finished,1.0,5.0,Away
344,13,118,95,2026-10-10 00:18:07,Finished,2.0,0.0,Home
345,13,104,70,2026-09-27 00:28:02,Finished,5.0,5.0,Draw
346,19,7,93,2026-09-03 13:20:58,Finished,4.0,2.0,Home
347,7,104,10,2026-10-27 23:43:52,Scheduled,,,
348,13,7,4,2026-10-05 00:13:11,Finished,4.0,1.0,Home
349,11,50,79,2026-10-25 22:20:29,Finished,5.0,5.0,Draw
350,6,76,118,2026-09-09 19:48:53,Finished,0.0,0.0,Draw
351,4,69,94,2026-10-09 01:13:35,Finished,5.0,4.0,Home
352,13,115,118,2026-10-12 08:21:10,Scheduled,,,
353,8,10,82,2026-09-22 03:12:17,Scheduled,,,
354,15,87,116,2026-10-20 22:41:23,Finished,4.0,5.0,Away
355,10,88,47,2026-10-18 16:15:55,Scheduled,,,
356,17,44,56,2026-10-28 09:47:53,Scheduled,,,
357,6,19,76,2026-10-28 01:25:10,Finished,1.0,5.0,Away
358,17,56,48,2026-09-29 12:21:03,Finished,4.0,0.0,Home
359,16,29,40,2026-10-08 15:33:45,Live,2.0,2.0,
360,4,105,109,2026-09-05 17:54:41,Scheduled,,,
361,2,76,38,2026-09-14 07:57:03,Finished,2.0,2.0,Draw
362,14,3,1,2026-09-19 11:34:58,Live,1.0,0.0,
363,4,38,88,2026-09-04 08:53:47,Finished,2.0,5.0,Away
364,19,27,97,2026-09-15 03:22:27,Scheduled,,,
365,7,104,102,2026-09-17 19:04:30,Scheduled,,,
366,17,95,12,2026-09-16 19:11:11,Scheduled,,,
367,14,37,12,2026-09-12 10:41:15,Finished,1.0,2.0,Away
368,13,77,115,2026-10-04 10:49:46,Finished,0.0,4.0,Away
369,13,118,95,2026-10-23 11:43:08,Scheduled,,,
370,20,57,25,2026-09-10 13:52:53,Live,3.0,2.0,
371,17,10,95,2026-09-14 17:37:52,Scheduled,,,
372,16,94,37,2026-10-18 09:04:35,Scheduled,,,
373,3,97,53,2026-09-29 11:29:34,Scheduled,,,
374,11,37,7,2026-10-20 13:23:19,Finished,3.0,3.0,Draw
375,16,29,108,2026-10-18 11:29:21,Scheduled,,,
376,12,7,41,2026-10-10 03:58:08,Live,3.0,2.0,
377,3,115,46,2026-09-06 12:08:31,Finished,3.0,4.0,Away
378,7,36,13,2026-10-18 23:23:57,Finished,4.0,1.0,Home
379,16,107,108,2026-09-18 05:06:41,Scheduled,,,
380,1,67,6,2026-10-11 19:33:12,Finished,2.0,1.0,Home
381,11,85,50,2026-10-27 05:40:52,Finished,3.0,4.0,Away
382,5,71,22,2026-10-24 22:36:55,Finished,0.0,0.0,Draw
383,6,69,3,2026-10-22 02:12:27,Finished,5.0,3.0,Home
384,9,49,33,2026-09-02 06:37:16,Finished,2.0,0.0,Home
385,18,119,63,2026-10-12 14:38:44,Finished,2.0,1.0,Home
386,13,4,7,2026-10-19 17:48:42,Scheduled,,,
387,1,3,88,2026-10-11 09:01:41,Cancelled,,,
388,2,7,26,2026-09-16 07:40:34,Live,3.0,3.0,
389,9,49,120,2026-09-01 02:10:18,Finished,2.0,0.0,Home
390,7,104,35,2026-09-19 00:17:04,Finished,3.0,3.0,Draw
391,2,76,45,2026-09-29 03:32:59,Scheduled,,,
392,8,102,52,2026-09-17 06:53:19,Cancelled,,,
393,19,117,35,2026-09-09 05:47:21,Finished,4.0,4.0,Draw
394,10,88,47,2026-09-25 08:43:13,Scheduled,,,
395,20,25,27,2026-10-17 01:19:14,Scheduled,,,
396,19,27,18,2026-10-23 07:02:23,Finished,1.0,5.0,Away
397,15,116,45,2026-09-30 17:24:44,Live,3.0,2.0,
398,6,8,118,2026-10-12 13:54:44,Cancelled,,,
399,3,101,43,2026-09-10 06:03:26,Scheduled,,,
400,14,52,37,2026-09-26 09:49:59,Cancelled,,,
401,2,12,76,2026-09-06 23:06:16,Scheduled,,,
402,2,76,87,2026-09-08 04:20:13,Finished,4.0,0.0,Home
403,14,52,110,2026-09-06 23:38:45,Finished,2.0,0.0,Home
404,10,8,110,2026-10-07 14:05:07,Scheduled,,,
405,6,106,11,2026-10-05 23:58:54,Finished,3.0,1.0,Home
406,5,34,16,2026-09-29 12:49:26,Finished,2.0,5.0,Away
407,5,5,79,2026-10-18 20:05:53,Live,2.0,3.0,
408,19,117,97,2026-08-31 22:31:54,Scheduled,,,
409,20,96,27,2026-09-09 22:43:09,Finished,2.0,5.0,Away
410,9,49,120,2026-09-26 16:22:59,Finished,0.0,0.0,Draw
411,20,96,57,2026-08-29 11:59:53,Finished,0.0,0.0,Draw
412,14,3,52,2026-09-29 11:46:09,Finished,4.0,2.0,Home
413,15,45,5,2026-09-07 23:29:00,Scheduled,,,
414,2,38,76,2026-10-14 20:25:32,Scheduled,,,
415,2,7,45,2026-08-30 07:29:19,Finished,3.0,2.0,Home
416,13,115,4,2026-10-11 10:54:28,Scheduled,,,
417,11,79,3,2026-09-24 17:47:37,Scheduled,,,
418,16,105,40,2026-09-10 00:54:49,Finished,3.0,2.0,Home
419,17,39,50,2026-09-12 05:58:11,Live,1.0,2.0,
420,4,94,20,2026-09-04 07:31:19,Live,3.0,0.0,
421,5,22,34,2026-09-14 04:19:47,Cancelled,,,
422,20,44,83,2026-10-12 03:57:03,Finished,2.0,5.0,Away
423,1,50,58,2026-10-18 02:22:57,Finished,0.0,1.0,Away
424,13,7,70,2026-09-11 16:14:14,Finished,5.0,2.0,Home
425,12,50,87,2026-08-29 19:33:03,Scheduled,,,
426,20,25,63,2026-10-01 03:42:33,Live,3.0,1.0,
427,10,27,12,2026-10-09 20:56:01,Finished,0.0,3.0,Away
428,8,77,91,2026-10-15 17:35:34,Scheduled,,,
429,11,21,86,2026-10-16 15:48:12,Cancelled,,,
430,4,105,94,2026-09-18 16:05:58,Finished,0.0,3.0,Away
431,18,22,102,2026-10-22 03:20:59,Scheduled,,,
432,5,16,83,2026-08-31 06:46:54,Scheduled,,,
433,13,104,70,2026-10-07 09:58:40,Live,1.0,2.0,
434,7,47,102,2026-09-05 04:55:04,Scheduled,,,
435,1,58,12,2026-09-20 05:34:11,Finished,0.0,4.0,Away
436,9,49,50,2026-10-16 16:33:30,Live,3.0,1.0,
437,2,19,26,2026-09-15 10:44:03,Cancelled,,,
438,15,113,45,2026-10-23 05:20:12,Scheduled,,,
439,11,37,65,2026-09-09 03:58:38,Finished,2.0,3.0,Away
440,20,6,25,2026-09-21 01:18:41,Finished,0.0,4.0,Away
441,12,50,47,2026-10-23 21:20:00,Finished,1.0,0.0,Home
442,12,72,85,2026-10-09 05:39:17,Finished,2.0,2.0,Draw
443,6,14,3,2026-09-04 00:27:32,Finished,5.0,1.0,Home
444,3,53,100,2026-09-03 05:53:31,Scheduled,,,
445,12,7,61,2026-09-13 06:34:07,Finished,1.0,2.0,Away
446,3,53,101,2026-10-11 10:06:32,Finished,0.0,4.0,Away
447,2,45,12,2026-09-24 09:01:52,Finished,4.0,3.0,Home
448,3,23,43,2026-09-23 19:14:22,Finished,5.0,3.0,Home
449,13,118,95,2026-10-09 05:36:18,Cancelled,,,
450,6,14,3,2026-10-16 19:01:18,Finished,4.0,1.0,Home
451,20,44,27,2026-09-13 14:08:20,Finished,4.0,1.0,Home
452,5,5,71,2026-09-04 01:30:39,Live,1.0,1.0,
453,15,20,35,2026-09-11 21:27:24,Finished,2.0,1.0,Home
454,14,3,12,2026-08-31 12:05:20,Finished,4.0,4.0,Draw
455,12,72,50,2026-09-08 23:53:24,Finished,5.0,1.0,Home
456,3,47,53,2026-09-15 06:03:36,Live,0.0,1.0,
457,4,94,38,2026-10-23 17:20:57,Finished,2.0,2.0,Draw
458,10,47,40,2026-09-03 08:31:22,Finished,1.0,1.0,Draw
459,2,104,76,2026-09-26 00:23:33,Finished,5.0,3.0,Home
460,17,48,98,2026-09-03 16:38:58,Scheduled,,,
461,19,101,117,2026-09-14 01:08:35,Finished,1.0,4.0,Away
462,8,56,108,2026-09-01 19:21:44,Scheduled,,,
463,9,106,58,2026-10-21 18:05:30,Live,1.0,1.0,
464,12,72,61,2026-10-04 03:32:18,Scheduled,,,
465,11,60,7,2026-09-10 10:10:34,Scheduled,,,
466,3,43,23,2026-10-08 08:27:29,Scheduled,,,
467,20,44,59,2026-10-18 13:31:57,Scheduled,,,
468,18,73,7,2026-10-02 17:10:13,Finished,4.0,5.0,Away
469,8,61,102,2026-10-03 09:54:26,Scheduled,,,
470,18,92,18,2026-09-01 22:45:36,Finished,2.0,3.0,Away
471,2,12,45,2026-09-21 20:20:14,Finished,1.0,4.0,Away
472,18,7,92,2026-10-01 10:16:00,Finished,5.0,1.0,Home
473,16,24,44,2026-09-23 07:12:29,Cancelled,,,
474,18,76,52,2026-09-11 08:36:15,Scheduled,,,
475,19,101,47,2026-10-03 08:11:19,Finished,4.0,0.0,Home
476,5,22,75,2026-10-10 01:24:50,Finished,3.0,1.0,Home
477,19,47,27,2026-10-26 20:55:41,Scheduled,,,
478,7,53,69,2026-10-01 15:14:17,Scheduled,,,
479,15,116,45,2026-10-20 03:53:55,Finished,4.0,1.0,Home
480,3,98,59,2026-09-20 14:29:49,Finished,4.0,4.0,Draw
481,3,84,23,2026-09-05 16:59:11,Finished,2.0,5.0,Away
482,9,120,106,2026-10-04 16:38:54,Finished,5.0,4.0,Home
483,20,104,29,2026-10-17 00:44:52,Scheduled,,,
484,17,115,10,2026-09-24 04:52:45,Finished,2.0,3.0,Away
485,18,18,63,2026-10-27 06:24:45,Scheduled,,,
486,10,5,40,2026-09-13 16:26:53,Finished,3.0,3.0,Draw
487,11,92,99,2026-09-20 18:18:02,Finished,3.0,5.0,Away
488,4,88,90,2026-09-28 14:04:04,Finished,2.0,4.0,Away
489,12,61,59,2026-09-05 19:07:30,Cancelled,,,
490,18,92,7,2026-10-12 11:29:47,Scheduled,,,
491,1,20,88,2026-09-12 23:21:35,Finished,0.0,3.0,Away
492,10,27,8,2026-10-03 21:23:41,Scheduled,,,
493,15,113,114,2026-09-10 16:52:41,Live,2.0,1.0,
494,7,47,5,2026-10-15 07:30:07,Scheduled,,,
495,3,23,98,2026-09-04 04:16:12,Live,0.0,0.0,
496,13,4,115,2026-09-11 05:39:20,Finished,2.0,1.0,Home
497,5,22,118,2026-09-13 08:05:52,Scheduled,,,
498,2,76,7,2026-09-27 01:25:14,Finished,1.0,4.0,Away
499,7,47,10,2026-10-23 12:00:06,Finished,5.0,2.0,Home
500,8,108,91,2026-10-22 12:14:13,Finished,2.0,5.0,Away
