id_team,name
1,Toledo BC
2,Ávila BC
3,Cantabria BC
4,Zamora BC
5,Granada Real
6,Madrid United
7,Madrid TC
8,Málaga United
9,Melilla FC
10,Burgos Gamers
11,Valladolid FC
12,Valladolid Club
13,Baleares FC
14,Jaén E-Sports
15,Almería Real
16,Barcelona United
17,La Coruña United
18,Soria Atlético
19,Lugo TC
20,Lugo E-Sports
21,Cáceres FC
22,Valencia Club
23,Almería Club
24,Palencia FC
25,Ourense BC
26,Baleares BC
27,Sevilla FC
28,Alicante United
29,Huelva Club
30,Pontevedra FC
31,Madrid Club
32,Ceuta BC
33,Las Palmas BC
34,Cádiz Real
35,León Atlético
36,Murcia United
37,Madrid E-Sports
38,Girona United
39,Ciudad United
40,Castellón United
41,Palencia Real
42,La Coruña Gamers
43,Asturias TC
44,Santa Cruz de Tenerife E-Sports
45,Baleares Atlético
46,Lugo FC
47,Pontevedra United
48,Soria TC
49,Soria United
50,Zaragoza E-Sports
51,Baleares United
52,Guadalajara Gamers
53,Guipúzcoa E-Sports
54,Álava Gamers
55,Cáceres TC
56,Asturias Atlético
57,Santa Cruz de Tenerife TC
58,Sevilla BC
59,Almería Atlético
60,Valladolid BC
61,Guipúzcoa FC
62,Córdoba TC
63,Tarragona Atlético
64,Málaga E-Sports
65,Burgos TC
66,Navarra Gamers
67,Asturias Gamers
68,Guipúzcoa Club
69,Toledo Gamers
70,Tarragona TC
71,Ceuta Atlético
72,Castellón FC
73,Valencia Atlético
74,Badajoz United
75,Soria FC
76,Lugo Atlético
77,Albacete BC
78,Segovia United
79,Madrid FC
80,Ávila TC
81,Valladolid United
82,Jaén Club
83,Cáceres United
84,Las Palmas Club
85,Ávila Real
86,Toledo Club
87,Toledo United
88,Ceuta United
89,Valencia Gamers
90,Guipúzcoa Real
91,Pontevedra BC
92,Córdoba FC
93,Toledo FC
94,Badajoz Club
95,Sevilla E-Sports
96,Burgos Atlético
97,Zamora United
98,Albacete Club
99,Jaén United
100,Castellón Club
101,Ourense FC
102,La Rioja Club
103,Asturias United
104,Zaragoza FC
105,Lugo Real
106,Álava Atlético
107,Cádiz Gamers
108,Girona TC
109,Madrid Real
110,Navarra Club
111,Vizcaya Atlético
112,Álava BC
113,Valencia TC
114,Ciudad TC
115,Valencia Real
116,Palencia TC
117,Cantabria United
118,Segovia Club
119,Badajoz Real
120,León BC
