id_team,id_league
78,4
58,1
36,7
47,7
59,9
102,7
102,16
5,10
116,15
74,9
76,6
43,3
104,7
57,20
44,20
115,16
95,13
53,7
6,20
7,19
18,19
39,17
100,3
117,19
80,3
3,6
19,2
83,5
102,18
88,1
85,11
52,8
44,13
49,9
106,6
97,3
35,19
87,2
101,19
7,12
82,15
78,8
34,5
36,2
56,5
63,20
20,15
119,18
5,5
94,16
60,14
38,2
104,2
82,8
25,20
67,1
89,1
104,20
54,10
22,5
29,20
3,1
36,13
5,7
19,6
75,5
41,12
26,2
38,4
79,5
32,18
44,17
1,12
104,13
115,13
20,1
48,17
110,10
56,9
102,6
97,19
37,14
67,15
61,8
57,1
118,5
83,20
41,14
59,20
50,17
10,8
35,7
13,7
6,1
88,10
10,17
52,14
76,17
1,14
99,19
24,16
18,18
45,2
73,18
21,11
102,8
91,8
4,4
22,18
12,17
3,14
50,1
4,13
60,11
9,9
70,13
94,4
37,16
112,3
107,16
24,9
16,5
18,2
7,2
71,5
7,11
64,8
12,1
95,17
12,10
69,7
92,18
27,10
50,12
61,12
8,6
43,6
108,8
52,18
93,19
27,19
79,11
114,14
40,10
120,9
23,3
95,19
120,18
77,13
87,15
37,11
92,11
69,9
58,9
27,3
83,8
61,14
2,1
96,20
44,16
98,17
90,4
79,13
2,10
84,3
63,14
87,8
7,18
12,14
3,11
105,16
8,10
10,7
118,13
11,6
19,10
33,9
46,3
73,8
103,9
109,4
38,17
115,17
72,12
86,11
77,8
69,4
80,4
59,3
110,14
59,12
47,10
50,9
118,6
47,19
98,3
42,14
85,12
99,11
51,19
76,18
20,4
49,19
40,16
29,16
7,13
63,18
14,6
87,12
69,6
47,3
50,2
45,15
47,12
50,11
8,5
76,2
5,15
88,4
108,16
65,11
15,1
115,3
26,10
113,15
106,9
12,2
53,3
51,15
56,8
105,4
56,17
27,20
88,6
101,3
57,9
113,8
98,19
35,15
114,15
